arrival_date,commodity,commodity_code,district,market,state,variety,grade,min_price,max_price,modal_price,min_price_per_kg,max_price_per_kg,modal_price_per_kg,source_unit,source,retrieval_time
2006-01-04,Mataki,93.0,Nashik,Sinner,Maharashtra,Other,FAQ,2300,2401,2375.0,23.0,24.01,23.75,Rs/Quintal,Local Processed Dataset,2026-09-24 17:18:05
2006-01-05,Mataki,93.0,Sholapur,Solapur,Maharashtra,Other,FAQ,2275,2600,2400.0,22.75,26.0,24.0,Rs/Quintal,Local Processed Dataset,2026-09-24 17:18:05
2006-01-09,Tomato,78.0,Nashik,Ghoti,Maharashtra,Other,FAQ,600,800,700.0,6.0,8.0,7.0,Rs/Quintal,Local Processed Dataset,2026-09-24 17:18:05
2006-01-12,Tomato,78.0,Nashik,Ghoti,Maharashtra,Other,FAQ,500,1175,838.0,5.0,11.75,8.38,Rs/Quintal,Local Processed Dataset,2026-09-24 17:18:05
2006-01-15,Mataki,93.0,Pune,Indapur(Bhigwan),Maharashtra,Other,FAQ,2400,2400,2400.0,24.0,24.0,24.0,Rs/Quintal,Local Processed Dataset,2026-09-24 17:18:05
2006-01-16,Mataki,93.0,Sholapur,Solapur,Maharashtra,Other,FAQ,1600,2600,2350.0,16.0,26.0,23.5,Rs/Quintal,Local Processed Dataset,2026-09-24 17:18:05
2006-01-17,Tomato,78.0,Nashik,Ghoti,Maharashtra,Other,FAQ,500,933,717.0,5.0,9.33,7.17,Rs/Quintal,Local Processed Dataset,2026-09-24 17:18:05
2006-01-19,Mataki,93.0,Pune,Indapur,Maharashtra,Other,FAQ,2575,2575,2575.0,25.75,25.75,25.75,Rs/Quintal,Local Processed Dataset,2026-09-24 17:18:05
2006-01-19,Mataki,93.0,Sholapur,Solapur,Maharashtra,Other,FAQ,2200,2350,2200.0,22.0,23.5,22.0,Rs/Quintal,Local Processed Dataset,2026-09-24 17:18:05
2006-01-21,Tomato,78.0,Nashik,Ghoti,Maharashtra,Other,FAQ,400,800,600.0,4.0,8.0,6.0,Rs/Quintal,Local Processed Dataset,2026-09-24 17:18:05
2006-01-24,Mataki,93.0,Sholapur,Solapur,Maharashtra,Other,FAQ,1300,2400,1800.0,13.0,24.0,18.0,Rs/Quintal,Local Processed Dataset,2026-09-24 17:18:05
2006-01-24,Tomato,78.0,Nashik,Ghoti,Maharashtra,Other,FAQ,500,800,650.0,5.0,8.0,6.5,Rs/Quintal,Local Processed Dataset,2026-09-24 17:18:05
2006-01-25,Mataki,93.0,Sholapur,Solapur,Maharashtra,Other,FAQ,2200,2500,2450.0,22.0,25.0,24.5,Rs/Quintal,Local Processed Dataset,2026-09-24 17:18:05
2006-01-28,Mataki,93.0,Sholapur,Solapur,Maharashtra,Other,FAQ,1660,2400,1861.0,16.6,24.0,18.61,Rs/Quintal,Local Processed Dataset,2026-09-24 17:18:05
2006-01-28,Tomato,78.0,Nashik,Ghoti,Maharashtra,Other,FAQ,550,1000,775.0,5.5,10.0,7.75,Rs/Quintal,Local Processed Dataset,2026-09-24 17:18:05
2006-01-31,Tomato,78.0,Nashik,Ghoti,Maharashtra,Other,FAQ,400,700,550.0,4.0,7.0,5.5,Rs/Quintal,Local Processed Dataset,2026-09-24 17:18:05
2006-02-01,Mataki,93.0,Sholapur,Solapur,Maharashtra,Other,FAQ,1870,2301,2300.0,18.7,23.01,23.0,Rs/Quintal,Local Processed Dataset,2026-09-24 17:18:05
2006-02-01,Tomato,78.0,Nashik,Ghoti,Maharashtra,Other,FAQ,400,650,525.0,4.0,6.5,5.25,Rs/Quintal,Local Processed Dataset,2026-09-24 17:18:05
2006-02-02,Mataki,93.0,Sholapur,Kurdwadi(Modnimb),Maharashtra,Other,FAQ,2100,2330,2300.0,21.0,23.3,23.0,Rs/Quintal,Local Processed Dataset,2026-09-24 17:18:05
2006-02-02,Mataki,93.0,Sholapur,Solapur,Maharashtra,Other,FAQ,1600,1800,1600.0,16.0,18.0,16.0,Rs/Quintal,Local Processed Dataset,2026-09-24 17:18:05
2006-02-04,Tomato,78.0,Nashik,Ghoti,Maharashtra,Other,FAQ,450,833,642.0,4.5,8.33,6.42,Rs/Quintal,Local Processed Dataset,2026-09-24 17:18:05
2006-02-05,Mataki,93.0,Nashik,Sinner,Maharashtra,Other,FAQ,2300,2411,2400.0,23.0,24.11,24.0,Rs/Quintal,Local Processed Dataset,2026-09-24 17:18:05
2006-02-06,Mataki,93.0,Nashik,Sinner,Maharashtra,Other,FAQ,2367,2400,2375.0,23.67,24.0,23.75,Rs/Quintal,Local Processed Dataset,2026-09-24 17:18:05
2006-02-07,Mataki,93.0,Pune,Indapur(Bhigwan),Maharashtra,Other,FAQ,1900,2250,1950.0,19.0,22.5,19.5,Rs/Quintal,Local Processed Dataset,2026-09-24 17:18:05
2006-02-10,Mataki,93.0,Pune,Nira,Maharashtra,Other,FAQ,2551,2551,2551.0,25.51,25.51,25.51,Rs/Quintal,Local Processed Dataset,2026-09-24 17:18:05
2006-02-11,Mataki,93.0,Sholapur,Solapur,Maharashtra,Other,FAQ,1651,1651,1651.0,16.51,16.51,16.51,Rs/Quintal,Local Processed Dataset,2026-09-24 17:18:05
2006-02-11,Tomato,78.0,Nashik,Ghoti,Maharashtra,Other,FAQ,666,800,733.0,6.66,8.0,7.33,Rs/Quintal,Local Processed Dataset,2026-09-24 17:18:05
2006-02-16,Mataki,93.0,Sholapur,Solapur,Maharashtra,Other,FAQ,1400,2500,2200.0,14.0,25.0,22.0,Rs/Quintal,Local Processed Dataset,2026-09-24 17:18:05
2006-02-20,Mataki,93.0,Nashik,Sinner,Maharashtra,Other,FAQ,2551,2620,2575.0,25.51,26.2,25.75,Rs/Quintal,Local Processed Dataset,2026-09-24 17:18:05
2006-02-27,Mataki,93.0,Sangli,Sangli,Maharashtra,Other,FAQ,2500,3000,2700.0,25.0,30.0,27.0,Rs/Quintal,Local Processed Dataset,2026-09-24 17:18:05
2006-02-28,Mataki,93.0,Parbhani,Jintur,Maharashtra,Other,FAQ,1701,1701,1701.0,17.01,17.01,17.01,Rs/Quintal,Local Processed Dataset,2026-09-24 17:18:05
2006-03-01,Mataki,93.0,Nashik,Sinner,Maharashtra,Other,FAQ,2250,2786,2750.0,22.5,27.86,27.5,Rs/Quintal,Local Processed Dataset,2026-09-24 17:18:05
2006-03-03,Tomato,78.0,Nashik,Ghoti,Maharashtra,Other,FAQ,571,700,636.0,5.71,7.0,6.36,Rs/Quintal,Local Processed Dataset,2026-09-24 17:18:05
2006-03-07,Mataki,93.0,Sangli,Sangli,Maharashtra,Other,FAQ,2400,3100,2800.0,24.0,31.0,28.0,Rs/Quintal,Local Processed Dataset,2026-09-24 17:18:05
2006-03-09,Mataki,93.0,Nashik,Sinner,Maharashtra,Other,FAQ,2551,2650,2600.0,25.51,26.5,26.0,Rs/Quintal,Local Processed Dataset,2026-09-24 17:18:05
2006-03-10,Mataki,93.0,Parbhani,Jintur,Maharashtra,Other,FAQ,2200,2200,2200.0,22.0,22.0,22.0,Rs/Quintal,Local Processed Dataset,2026-09-24 17:18:05
2006-03-11,Mataki,93.0,Sholapur,Solapur,Maharashtra,Other,FAQ,2700,2700,2700.0,27.0,27.0,27.0,Rs/Quintal,Local Processed Dataset,2026-09-24 17:18:05
2006-03-14,Mataki,93.0,Sholapur,Solapur,Maharashtra,Other,FAQ,1850,2750,2600.0,18.5,27.5,26.0,Rs/Quintal,Local Processed Dataset,2026-09-24 17:18:05
2006-03-16,Mataki,93.0,Sholapur,Solapur,Maharashtra,Other,FAQ,1200,2700,2500.0,12.0,27.0,25.0,Rs/Quintal,Local Processed Dataset,2026-09-24 17:18:05
2006-03-21,Mataki,93.0,Nashik,Malegaon,Maharashtra,Other,FAQ,2862,3030,2862.0,28.62,30.3,28.62,Rs/Quintal,Local Processed Dataset,2026-09-24 17:18:05
2006-03-21,Mataki,93.0,Sholapur,Solapur,Maharashtra,Other,FAQ,1254,2800,1850.0,12.54,28.0,18.5,Rs/Quintal,Local Processed Dataset,2026-09-24 17:18:05
2006-03-25,Mataki,93.0,Nashik,Malegaon,Maharashtra,Other,FAQ,2275,2971,2900.0,22.75,29.71,29.0,Rs/Quintal,Local Processed Dataset,2026-09-24 17:18:05
2006-03-25,Tomato,78.0,Nashik,Ghoti,Maharashtra,Other,FAQ,770,800,785.0,7.7,8.0,7.85,Rs/Quintal,Local Processed Dataset,2026-09-24 17:18:05
2006-03-29,Mataki,93.0,Sholapur,Solapur,Maharashtra,Other,FAQ,2700,2700,2700.0,27.0,27.0,27.0,Rs/Quintal,Local Processed Dataset,2026-09-24 17:18:05
2006-03-29,Tomato,78.0,Nashik,Ghoti,Maharashtra,Other,FAQ,750,800,775.0,7.5,8.0,7.75,Rs/Quintal,Local Processed Dataset,2026-09-24 17:18:05
2006-04-03,Mataki,93.0,Nashik,Sinner,Maharashtra,Other,FAQ,3175,3300,3200.0,31.75,33.0,32.0,Rs/Quintal,Local Processed Dataset,2026-09-24 17:18:05
2006-04-10,Mataki,93.0,Nashik,Malegaon,Maharashtra,Other,FAQ,3046,3321,3211.0,30.46,33.21,32.11,Rs/Quintal,Local Processed Dataset,2026-09-24 17:18:05
2006-04-10,Mataki,93.0,Nashik,Sinner,Maharashtra,Other,FAQ,3101,3242,3200.0,31.01,32.42,32.0,Rs/Quintal,Local Processed Dataset,2026-09-24 17:18:05
2006-04-10,Mataki,93.0,Satara,Phaltan,Maharashtra,Other,FAQ,3301,3301,3301.0,33.01,33.01,33.01,Rs/Quintal,Local Processed Dataset,2026-09-24 17:18:05
2006-04-12,Mataki,93.0,Sholapur,Solapur,Maharashtra,Other,FAQ,2900,3250,3000.0,29.0,32.5,30.0,Rs/Quintal,Local Processed Dataset,2026-09-24 17:18:05
2006-04-13,Mataki,93.0,Nashik,Malegaon,Maharashtra,Other,FAQ,3221,3411,3221.0,32.21,34.11,32.21,Rs/Quintal,Local Processed Dataset,2026-09-24 17:18:05
2006-04-17,Mataki,93.0,Nashik,Sinner,Maharashtra,Other,FAQ,3100,3201,3150.0,31.0,32.01,31.5,Rs/Quintal,Local Processed Dataset,2026-09-24 17:18:05
2006-04-24,Mataki,93.0,Nashik,Sinner,Maharashtra,Other,FAQ,2900,3199,3100.0,29.0,31.99,31.0,Rs/Quintal,Local Processed Dataset,2026-09-24 17:18:05
2006-04-25,Mataki,93.0,Nashik,Malegaon,Maharashtra,Other,FAQ,3201,3201,3201.0,32.01,32.01,32.01,Rs/Quintal,Local Processed Dataset,2026-09-24 17:18:05
2006-04-26,Mataki,93.0,Nashik,Sinner,Maharashtra,Other,FAQ,2000,3175,3100.0,20.0,31.75,31.0,Rs/Quintal,Local Processed Dataset,2026-09-24 17:18:05
2006-04-26,Mataki,93.0,Sholapur,Solapur,Maharashtra,Other,FAQ,1450,3400,2800.0,14.5,34.0,28.0,Rs/Quintal,Local Processed Dataset,2026-09-24 17:18:05
2006-04-30,Mataki,93.0,Nashik,Sinner,Maharashtra,Other,FAQ,2500,3081,3000.0,25.0,30.81,30.0,Rs/Quintal,Local Processed Dataset,2026-09-24 17:18:05
2006-05-02,Mataki,93.0,Sholapur,Solapur,Maharashtra,Other,FAQ,2800,3200,2800.0,28.0,32.0,28.0,Rs/Quintal,Local Processed Dataset,2026-09-24 17:18:05
2006-05-03,Mataki,93.0,Sholapur,Solapur,Maharashtra,Other,FAQ,1600,3800,2200.0,16.0,38.0,22.0,Rs/Quintal,Local Processed Dataset,2026-09-24 17:18:05
2006-05-08,Mataki,93.0,Nashik,Malegaon,Maharashtra,Other,FAQ,2891,3100,3000.0,28.91,31.0,30.0,Rs/Quintal,Local Processed Dataset,2026-09-24 17:18:05
2006-05-10,Mataki,93.0,Nashik,Sinner,Maharashtra,Other,FAQ,3000,3100,3050.0,30.0,31.0,30.5,Rs/Quintal,Local Processed Dataset,2026-09-24 17:18:05
2006-05-15,Mataki,93.0,Nashik,Malegaon,Maharashtra,Other,FAQ,2900,3075,3050.0,29.0,30.75,30.5,Rs/Quintal,Local Processed Dataset,2026-09-24 17:18:05
2006-05-17,Mataki,93.0,Nashik,Malegaon,Maharashtra,Other,FAQ,3305,3305,3305.0,33.05,33.05,33.05,Rs/Quintal,Local Processed Dataset,2026-09-24 17:18:05
2006-05-23,Mataki,93.0,Sangli,Sangli,Maharashtra,Other,FAQ,2800,3600,3150.0,28.0,36.0,31.5,Rs/Quintal,Local Processed Dataset,2026-09-24 17:18:05
2006-05-24,Mataki,93.0,Sangli,Sangli,Maharashtra,Other,FAQ,2800,3200,3000.0,28.0,32.0,30.0,Rs/Quintal,Local Processed Dataset,2026-09-24 17:18:05
2006-05-25,Mataki,93.0,Sholapur,Solapur,Maharashtra,Other,FAQ,1700,3225,1725.0,17.0,32.25,17.25,Rs/Quintal,Local Processed Dataset,2026-09-24 17:18:05
2006-05-29,Mataki,93.0,Nashik,Malegaon,Maharashtra,Other,FAQ,2900,2951,2951.0,29.0,29.51,29.51,Rs/Quintal,Local Processed Dataset,2026-09-24 17:18:05
2006-05-29,Mataki,93.0,Nashik,Sinner,Maharashtra,Other,FAQ,2900,3076,3000.0,29.0,30.76,30.0,Rs/Quintal,Local Processed Dataset,2026-09-24 17:18:05
2006-05-30,Mataki,93.0,Sholapur,Solapur,Maharashtra,Other,FAQ,1900,3250,3250.0,19.0,32.5,32.5,Rs/Quintal,Local Processed Dataset,2026-09-24 17:18:05
2006-06-01,Mataki,93.0,Nashik,Malegaon,Maharashtra,Other,FAQ,2875,3252,3111.0,28.75,32.52,31.11,Rs/Quintal,Local Processed Dataset,2026-09-24 17:18:05
2006-06-01,Mataki,93.0,Sholapur,Barshi,Maharashtra,Other,FAQ,4000,4000,4000.0,40.0,40.0,40.0,Rs/Quintal,Local Processed Dataset,2026-09-24 17:18:05
2006-06-01,Mataki,93.0,Sholapur,Kurdwadi,Maharashtra,Other,FAQ,3335,3335,3335.0,33.35,33.35,33.35,Rs/Quintal,Local Processed Dataset,2026-09-24 17:18:05
2006-06-03,Mataki,93.0,Sholapur,Solapur,Maharashtra,Other,FAQ,1600,3300,3300.0,16.0,33.0,33.0,Rs/Quintal,Local Processed Dataset,2026-09-24 17:18:05
2006-06-04,Mataki,93.0,Nashik,Sinner,Maharashtra,Other,FAQ,2900,2900,2900.0,29.0,29.0,29.0,Rs/Quintal,Local Processed Dataset,2026-09-24 17:18:05
2006-06-09,Mataki,93.0,Sholapur,Solapur,Maharashtra,Other,FAQ,3200,3200,3200.0,32.0,32.0,32.0,Rs/Quintal,Local Processed Dataset,2026-09-24 17:18:05
2006-06-10,Mataki,93.0,Sholapur,Solapur,Maharashtra,Other,FAQ,2800,3800,3300.0,28.0,38.0,33.0,Rs/Quintal,Local Processed Dataset,2026-09-24 17:18:05
2006-06-11,Mataki,93.0,Nashik,Sinner,Maharashtra,Other,FAQ,2000,2931,2700.0,20.0,29.31,27.0,Rs/Quintal,Local Processed Dataset,2026-09-24 17:18:05
2006-06-14,Mataki,93.0,Nashik,Malegaon,Maharashtra,Other,FAQ,2999,2999,2999.0,29.99,29.99,29.99,Rs/Quintal,Local Processed Dataset,2026-09-24 17:18:05
2006-06-16,Mataki,93.0,Sholapur,Solapur,Maharashtra,Other,FAQ,1250,3250,3200.0,12.5,32.5,32.0,Rs/Quintal,Local Processed Dataset,2026-09-24 17:18:05
2006-06-22,Tomato,78.0,Nashik,Nasik,Maharashtra,Other,FAQ,750,1500,1125.0,7.5,15.0,11.25,Rs/Quintal,Local Processed Dataset,2026-09-24 17:18:05
2006-06-23,Tomato,78.0,Nashik,Nasik,Maharashtra,Other,FAQ,750,1500,1125.0,7.5,15.0,11.25,Rs/Quintal,Local Processed Dataset,2026-09-24 17:18:05
2006-06-24,Mataki,93.0,Nashik,Malegaon,Maharashtra,Other,FAQ,3000,3000,3000.0,30.0,30.0,30.0,Rs/Quintal,Local Processed Dataset,2026-09-24 17:18:05
2006-06-28,Mataki,93.0,Sholapur,Solapur,Maharashtra,Other,FAQ,3200,3200,3200.0,32.0,32.0,32.0,Rs/Quintal,Local Processed Dataset,2026-09-24 17:18:05
2006-07-01,Mataki,93.0,Nashik,Malegaon,Maharashtra,Other,FAQ,2800,2800,2800.0,28.0,28.0,28.0,Rs/Quintal,Local Processed Dataset,2026-09-24 17:18:05
2006-07-08,Mataki,93.0,Nashik,Malegaon,Maharashtra,Other,FAQ,2096,2501,2501.0,20.96,25.01,25.01,Rs/Quintal,Local Processed Dataset,2026-09-24 17:18:05
2006-07-08,Mataki,93.0,Sholapur,Solapur,Maharashtra,Other,FAQ,3000,3025,3000.0,30.0,30.25,30.0,Rs/Quintal,Local Processed Dataset,2026-09-24 17:18:05
2006-07-11,Mataki,93.0,Sangli,Sangli,Maharashtra,Other,FAQ,2550,3000,2900.0,25.5,30.0,29.0,Rs/Quintal,Local Processed Dataset,2026-09-24 17:18:05
2006-07-11,Mataki,93.0,Sholapur,Solapur,Maharashtra,Other,FAQ,3000,3500,3400.0,30.0,35.0,34.0,Rs/Quintal,Local Processed Dataset,2026-09-24 17:18:05
2006-07-11,Tomato,78.0,Nashik,Ghoti,Maharashtra,Other,FAQ,900,1000,950.0,9.0,10.0,9.5,Rs/Quintal,Local Processed Dataset,2026-09-24 17:18:05
2006-07-12,Tomato,78.0,Nashik,Ghoti,Maharashtra,Other,FAQ,800,1000,900.0,8.0,10.0,9.0,Rs/Quintal,Local Processed Dataset,2026-09-24 17:18:05
2006-07-13,Tomato,78.0,Nashik,Ghoti,Maharashtra,Other,FAQ,1000,1333,1167.0,10.0,13.33,11.67,Rs/Quintal,Local Processed Dataset,2026-09-24 17:18:05
2006-07-14,Mataki,93.0,Sholapur,Solapur,Maharashtra,Other,FAQ,3000,3100,3025.0,30.0,31.0,30.25,Rs/Quintal,Local Processed Dataset,2026-09-24 17:18:05
2006-07-14,Tomato,78.0,Nashik,Nasik,Maharashtra,Other,FAQ,400,750,575.0,4.0,7.5,5.75,Rs/Quintal,Local Processed Dataset,2026-09-24 17:18:05
2006-07-17,Mataki,93.0,Nashik,Malegaon,Maharashtra,Other,FAQ,2262,2262,2262.0,22.62,22.62,22.62,Rs/Quintal,Local Processed Dataset,2026-09-24 17:18:05
2006-07-19,Mataki,93.0,Nashik,Malegaon,Maharashtra,Other,FAQ,2500,3011,3011.0,25.0,30.11,30.11,Rs/Quintal,Local Processed Dataset,2026-09-24 17:18:05
2006-07-19,Tomato,78.0,Nashik,Ghoti,Maharashtra,Other,FAQ,1000,1000,1000.0,10.0,10.0,10.0,Rs/Quintal,Local Processed Dataset,2026-09-24 17:18:05
2006-07-25,Tomato,78.0,Nashik,Ghoti,Maharashtra,Other,FAQ,900,1000,950.0,9.0,10.0,9.5,Rs/Quintal,Local Processed Dataset,2026-09-24 17:18:05
2006-07-27,Mataki,93.0,Nashik,Malegaon,Maharashtra,Other,FAQ,2375,2771,2771.0,23.75,27.71,27.71,Rs/Quintal,Local Processed Dataset,2026-09-24 17:18:05
2006-07-27,Tomato,78.0,Nashik,Nasik,Maharashtra,Other,FAQ,400,1000,700.0,4.0,10.0,7.0,Rs/Quintal,Local Processed Dataset,2026-09-24 17:18:05
2006-07-29,Tomato,78.0,Nashik,Nasik,Maharashtra,Other,FAQ,200,500,350.0,2.0,5.0,3.5,Rs/Quintal,Local Processed Dataset,2026-09-24 17:18:05
2006-07-31,Mataki,93.0,Nashik,Malegaon,Maharashtra,Other,FAQ,2011,2951,2490.0,20.11,29.51,24.9,Rs/Quintal,Local Processed Dataset,2026-09-24 17:18:05
2006-07-31,Tomato,78.0,Nashik,Ghoti,Maharashtra,Other,FAQ,1000,1000,1000.0,10.0,10.0,10.0,Rs/Quintal,Local Processed Dataset,2026-09-24 17:18:05
2006-08-01,Mataki,93.0,Nashik,Malegaon,Maharashtra,Other,FAQ,2920,2920,2920.0,29.2,29.2,29.2,Rs/Quintal,Local Processed Dataset,2026-09-24 17:18:05
2006-08-03,Mataki,93.0,Pune,Indapur,Maharashtra,Other,FAQ,3000,3000,3000.0,30.0,30.0,30.0,Rs/Quintal,Local Processed Dataset,2026-09-24 17:18:05
2006-08-05,Tomato,78.0,Nashik,Nasik,Maharashtra,Other,FAQ,350,750,550.0,3.5,7.5,5.5,Rs/Quintal,Local Processed Dataset,2026-09-24 17:18:05
2006-08-05,Tomato,78.0,Nashik,Ghoti,Maharashtra,Other,FAQ,1000,1333,1167.0,10.0,13.33,11.67,Rs/Quintal,Local Processed Dataset,2026-09-24 17:18:05
2006-08-08,Tomato,78.0,Nashik,Ghoti,Maharashtra,Other,FAQ,1000,1333,1167.0,10.0,13.33,11.67,Rs/Quintal,Local Processed Dataset,2026-09-24 17:18:05
2006-08-09,Tomato,78.0,Nashik,Ghoti,Maharashtra,Other,FAQ,1333,2000,1667.0,13.33,20.0,16.67,Rs/Quintal,Local Processed Dataset,2026-09-24 17:18:05
2006-08-21,Tomato,78.0,Nashik,Nasik,Maharashtra,Other,FAQ,400,750,550.0,4.0,7.5,5.5,Rs/Quintal,Local Processed Dataset,2026-09-24 17:18:05
2006-08-21,Tomato,78.0,Nashik,Ghoti,Maharashtra,Other,FAQ,1000,1000,1000.0,10.0,10.0,10.0,Rs/Quintal,Local Processed Dataset,2026-09-24 17:18:05
2006-08-24,Tomato,78.0,Nashik,Nasik,Maharashtra,Other,FAQ,500,1250,950.0,5.0,12.5,9.5,Rs/Quintal,Local Processed Dataset,2026-09-24 17:18:05
2006-08-29,Tomato,78.0,Nashik,Nasik,Maharashtra,Other,FAQ,400,1000,700.0,4.0,10.0,7.0,Rs/Quintal,Local Processed Dataset,2026-09-24 17:18:05
2006-09-05,Mataki,93.0,Sangli,Sangli,Maharashtra,Other,FAQ,2600,3600,3100.0,26.0,36.0,31.0,Rs/Quintal,Local Processed Dataset,2026-09-24 17:18:05
2006-09-05,Tomato,78.0,Nashik,Nasik,Maharashtra,Other,FAQ,450,1100,750.0,4.5,11.0,7.5,Rs/Quintal,Local Processed Dataset,2026-09-24 17:18:05
2006-09-06,Tomato,78.0,Nashik,Pimpalgaon,Maharashtra,Other,FAQ,475,1425,805.0,4.75,14.25,8.05,Rs/Quintal,Local Processed Dataset,2026-09-24 17:18:05
2006-09-07,Tomato,78.0,Nashik,Pimpalgaon,Maharashtra,Other,FAQ,455,1355,905.0,4.55,13.55,9.05,Rs/Quintal,Local Processed Dataset,2026-09-24 17:18:05
2006-09-07,Tomato,78.0,Nashik,Ghoti,Maharashtra,Other,FAQ,2000,2000,2000.0,20.0,20.0,20.0,Rs/Quintal,Local Processed Dataset,2026-09-24 17:18:05
2006-09-14,Tomato,78.0,Nashik,Pimpalgaon,Maharashtra,Other,FAQ,225,1055,775.0,2.25,10.55,7.75,Rs/Quintal,Local Processed Dataset,2026-09-24 17:18:05
2006-09-18,Tomato,78.0,Nashik,Nasik,Maharashtra,Other,FAQ,350,750,550.0,3.5,7.5,5.5,Rs/Quintal,Local Processed Dataset,2026-09-24 17:18:05
2006-09-19,Mataki,93.0,Nashik,Malegaon,Maharashtra,Other,FAQ,3251,3251,3251.0,32.51,32.51,32.51,Rs/Quintal,Local Processed Dataset,2026-09-24 17:18:05
2006-09-19,Tomato,78.0,Nashik,Pimpalgaon,Maharashtra,Other,FAQ,405,1605,1005.0,4.05,16.05,10.05,Rs/Quintal,Local Processed Dataset,2026-09-24 17:18:05
2006-09-20,Mataki,93.0,Nashik,Sinner,Maharashtra,Other,FAQ,3580,3580,3580.0,35.8,35.8,35.8,Rs/Quintal,Local Processed Dataset,2026-09-24 17:18:05
2006-09-23,Mataki,93.0,Sangli,Sangli,Maharashtra,Other,FAQ,2600,3700,3200.0,26.0,37.0,32.0,Rs/Quintal,Local Processed Dataset,2026-09-24 17:18:05
2006-09-25,Tomato,78.0,Nashik,Nasik,Maharashtra,Other,FAQ,450,1100,750.0,4.5,11.0,7.5,Rs/Quintal,Local Processed Dataset,2026-09-24 17:18:05
2006-09-27,Tomato,78.0,Nashik,Nasik,Maharashtra,Other,FAQ,500,1050,750.0,5.0,10.5,7.5,Rs/Quintal,Local Processed Dataset,2026-09-24 17:18:05
2006-10-01,Tomato,78.0,Nashik,Pimpalgaon,Maharashtra,Other,FAQ,505,1555,1055.0,5.05,15.55,10.55,Rs/Quintal,Local Processed Dataset,2026-09-24 17:18:05
2006-10-05,Tomato,78.0,Nashik,Nasik,Maharashtra,Other,FAQ,500,1300,900.0,5.0,13.0,9.0,Rs/Quintal,Local Processed Dataset,2026-09-24 17:18:05
2006-10-10,Tomato,78.0,Nashik,Nasik,Maharashtra,Other,FAQ,300,1000,650.0,3.0,10.0,6.5,Rs/Quintal,Local Processed Dataset,2026-09-24 17:18:05
2006-10-11,Tomato,78.0,Nashik,Nasik,Maharashtra,Other,FAQ,400,800,600.0,4.0,8.0,6.0,Rs/Quintal,Local Processed Dataset,2026-09-24 17:18:05
2006-10-24,Tomato,78.0,Nashik,Pimpalgaon,Maharashtra,Other,FAQ,255,925,605.0,2.55,9.25,6.05,Rs/Quintal,Local Processed Dataset,2026-09-24 17:18:05
2006-11-04,Tomato,78.0,Nashik,Nasik,Maharashtra,Other,FAQ,250,500,375.0,2.5,5.0,3.75,Rs/Quintal,Local Processed Dataset,2026-09-24 17:18:05
2006-11-06,Mataki,93.0,Nashik,Sinner,Maharashtra,Other,FAQ,3522,3522,3522.0,35.22,35.22,35.22,Rs/Quintal,Local Processed Dataset,2026-09-24 17:18:05
2006-11-06,Mataki,93.0,Sangli,Sangli,Maharashtra,Other,FAQ,3000,4000,3500.0,30.0,40.0,35.0,Rs/Quintal,Local Processed Dataset,2026-09-24 17:18:05
2006-11-07,Mataki,93.0,Nashik,Malegaon,Maharashtra,Other,FAQ,3131,3200,3200.0,31.31,32.0,32.0,Rs/Quintal,Local Processed Dataset,2026-09-24 17:18:05
2006-11-14,Mataki,93.0,Sangli,Sangli,Maharashtra,Other,FAQ,3000,3900,3400.0,30.0,39.0,34.0,Rs/Quintal,Local Processed Dataset,2026-09-24 17:18:05
2006-11-20,Mataki,93.0,Sangli,Sangli,Maharashtra,Other,FAQ,3000,3700,3300.0,30.0,37.0,33.0,Rs/Quintal,Local Processed Dataset,2026-09-24 17:18:05
2006-11-22,Tomato,78.0,Nashik,Pimpalgaon,Maharashtra,Other,FAQ,255,1205,825.0,2.55,12.05,8.25,Rs/Quintal,Local Processed Dataset,2026-09-24 17:18:05
2006-11-27,Mataki,93.0,Nashik,Malegaon,Maharashtra,Other,FAQ,3126,3451,3370.0,31.26,34.51,33.7,Rs/Quintal,Local Processed Dataset,2026-09-24 17:18:05
2006-11-28,Mataki,93.0,Nashik,Malegaon,Maharashtra,Other,FAQ,3100,3351,3276.0,31.0,33.51,32.76,Rs/Quintal,Local Processed Dataset,2026-09-24 17:18:05
2006-11-29,Tomato,78.0,Nashik,Nasik,Maharashtra,Other,FAQ,350,800,575.0,3.5,8.0,5.75,Rs/Quintal,Local Processed Dataset,2026-09-24 17:18:05
2006-12-01,Mataki,93.0,Sholapur,Barshi(Vairag),Maharashtra,Other,FAQ,3191,3191,3191.0,31.91,31.91,31.91,Rs/Quintal,Local Processed Dataset,2026-09-24 17:18:05
2006-12-02,Mataki,93.0,Nashik,Nandgaon,Maharashtra,Other,FAQ,2500,3291,3280.0,25.0,32.91,32.8,Rs/Quintal,Local Processed Dataset,2026-09-24 17:18:05
2006-12-09,Mataki,93.0,Pune,Shirur,Maharashtra,Other,FAQ,2500,2500,2500.0,25.0,25.0,25.0,Rs/Quintal,Local Processed Dataset,2026-09-24 17:18:05
2006-12-16,Mataki,93.0,Nashik,Malegaon,Maharashtra,Other,FAQ,3153,3211,3159.0,31.53,32.11,31.59,Rs/Quintal,Local Processed Dataset,2026-09-24 17:18:05
2006-12-16,Mataki,93.0,Sangli,Sangli,Maharashtra,Other,FAQ,3000,3800,3400.0,30.0,38.0,34.0,Rs/Quintal,Local Processed Dataset,2026-09-24 17:18:05
2006-12-20,Mataki,93.0,Nashik,Malegaon,Maharashtra,Other,FAQ,2812,3303,3200.0,28.12,33.03,32.0,Rs/Quintal,Local Processed Dataset,2026-09-24 17:18:05
2006-12-24,Mataki,93.0,Pune,Indapur(Bhigwan),Maharashtra,Other,FAQ,2300,3651,3000.0,23.0,36.51,30.0,Rs/Quintal,Local Processed Dataset,2026-09-24 17:18:05
2006-12-28,Mataki,93.0,Nashik,Malegaon,Maharashtra,Other,FAQ,2890,3160,3100.0,28.9,31.6,31.0,Rs/Quintal,Local Processed Dataset,2026-09-24 17:18:05
2006-12-28,Mataki,93.0,Pune,Indapur,Maharashtra,Other,FAQ,3000,3200,3100.0,30.0,32.0,31.0,Rs/Quintal,Local Processed Dataset,2026-09-24 17:18:05
2006-12-31,Tomato,78.0,Nashik,Pimpalgaon,Maharashtra,Other,FAQ,255,625,505.0,2.55,6.25,5.05,Rs/Quintal,Local Processed Dataset,2026-09-24 17:18:05
2010-01-04,Onion,23.0,Ahmednagar,Ahmednagar,Maharashtra,Other,FAQ,200,2000,1100.0,2.0,20.0,11.0,Rs/Quintal,Local Processed Dataset,2026-09-24 17:18:05
2010-01-06,Onion,23.0,Ahmednagar,Kopargaon,Maharashtra,Other,FAQ,300,1405,900.0,3.0,14.05,9.0,Rs/Quintal,Local Processed Dataset,2026-09-24 17:18:05
2010-01-07,Onion,23.0,Ahmednagar,Ahmednagar,Maharashtra,Other,FAQ,400,1900,1200.0,4.0,19.0,12.0,Rs/Quintal,Local Processed Dataset,2026-09-24 17:18:05
2010-01-09,Onion,23.0,Ahmednagar,Kopargaon,Maharashtra,Other,FAQ,200,1305,800.0,2.0,13.05,8.0,Rs/Quintal,Local Processed Dataset,2026-09-24 17:18:05
2010-01-16,Onion,23.0,Ahmednagar,Ahmednagar,Maharashtra,Other,FAQ,100,1900,1000.0,1.0,19.0,10.0,Rs/Quintal,Local Processed Dataset,2026-09-24 17:18:05
2010-01-23,Onion,23.0,Ahmednagar,Ahmednagar,Maharashtra,Other,FAQ,200,1900,1100.0,2.0,19.0,11.0,Rs/Quintal,Local Processed Dataset,2026-09-24 17:18:05
2010-02-11,Onion,23.0,Ahmednagar,Ahmednagar,Maharashtra,Other,FAQ,200,1500,825.0,2.0,15.0,8.25,Rs/Quintal,Local Processed Dataset,2026-09-24 17:18:05
2010-02-15,Onion,23.0,Ahmednagar,Ahmednagar,Maharashtra,Other,FAQ,200,1400,800.0,2.0,14.0,8.0,Rs/Quintal,Local Processed Dataset,2026-09-24 17:18:05
2010-02-17,Onion,23.0,Ahmednagar,Kopargaon,Maharashtra,Other,FAQ,200,1300,1000.0,2.0,13.0,10.0,Rs/Quintal,Local Processed Dataset,2026-09-24 17:18:05
2010-02-28,Onion,23.0,Ahmednagar,Akole,Maharashtra,Other,FAQ,200,800,476.0,2.0,8.0,4.76,Rs/Quintal,Local Processed Dataset,2026-09-24 17:18:05
2010-03-11,Onion,23.0,Ahmednagar,Ahmednagar,Maharashtra,Other,FAQ,150,850,500.0,1.5,8.5,5.0,Rs/Quintal,Local Processed Dataset,2026-09-24 17:18:05
2010-03-22,Onion,23.0,Ahmednagar,Akole,Maharashtra,Other,FAQ,150,800,675.0,1.5,8.0,6.75,Rs/Quintal,Local Processed Dataset,2026-09-24 17:18:05
2010-04-11,Onion,23.0,Pune,Pune(Khadiki),Maharashtra,Other,FAQ,250,700,470.0,2.5,7.0,4.7,Rs/Quintal,Local Processed Dataset,2026-09-24 17:18:05
2010-04-18,Onion,23.0,Ahmednagar,Akole,Maharashtra,Other,FAQ,100,675,361.0,1.0,6.75,3.61,Rs/Quintal,Local Processed Dataset,2026-09-24 17:18:05
2010-04-19,Onion,23.0,Ahmednagar,Ahmednagar,Maharashtra,Other,FAQ,100,600,350.0,1.0,6.0,3.5,Rs/Quintal,Local Processed Dataset,2026-09-24 17:18:05
2010-04-19,Onion,23.0,Pune,Pune(Khadiki),Maharashtra,Other,FAQ,350,650,500.0,3.5,6.5,5.0,Rs/Quintal,Local Processed Dataset,2026-09-24 17:18:05
2010-04-20,Onion,23.0,Pune,Pune(Khadiki),Maharashtra,Other,FAQ,250,600,420.0,2.5,6.0,4.2,Rs/Quintal,Local Processed Dataset,2026-09-24 17:18:05
2010-04-24,Onion,23.0,Ahmednagar,Kopargaon,Maharashtra,Other,FAQ,100,600,350.0,1.0,6.0,3.5,Rs/Quintal,Local Processed Dataset,2026-09-24 17:18:05
2010-04-25,Onion,23.0,Ahmednagar,Akole,Maharashtra,Other,FAQ,100,675,344.0,1.0,6.75,3.44,Rs/Quintal,Local Processed Dataset,2026-09-24 17:18:05
2010-05-04,Onion,23.0,Ahmednagar,Ahmednagar,Maharashtra,Other,FAQ,100,675,400.0,1.0,6.75,4.0,Rs/Quintal,Local Processed Dataset,2026-09-24 17:18:05
2010-05-06,Onion,23.0,Ahmednagar,Akole,Maharashtra,Other,FAQ,100,675,330.0,1.0,6.75,3.3,Rs/Quintal,Local Processed Dataset,2026-09-24 17:18:05
2010-05-10,Onion,23.0,Ahmednagar,Ahmednagar,Maharashtra,Other,FAQ,100,665,350.0,1.0,6.65,3.5,Rs/Quintal,Local Processed Dataset,2026-09-24 17:18:05
2010-05-13,Onion,23.0,Ahmednagar,Akole,Maharashtra,Other,FAQ,100,701,312.0,1.0,7.01,3.12,Rs/Quintal,Local Processed Dataset,2026-09-24 17:18:05
2010-06-14,Onion,23.0,Ahmednagar,Ahmednagar,Maharashtra,Other,FAQ,100,930,515.0,1.0,9.3,5.15,Rs/Quintal,Local Processed Dataset,2026-09-24 17:18:05
2010-06-17,Onion,23.0,Ahmednagar,Ahmednagar,Maharashtra,Other,FAQ,200,1000,600.0,2.0,10.0,6.0,Rs/Quintal,Local Processed Dataset,2026-09-24 17:18:05
2010-06-17,Onion,23.0,Ahmednagar,Akole,Maharashtra,Other,FAQ,100,1001,538.0,1.0,10.01,5.38,Rs/Quintal,Local Processed Dataset,2026-09-24 17:18:05
2010-06-20,Onion,23.0,Ahmednagar,Akole,Maharashtra,Other,FAQ,100,900,439.0,1.0,9.0,4.39,Rs/Quintal,Local Processed Dataset,2026-09-24 17:18:05
2010-06-24,Onion,23.0,Ahmednagar,Akole,Maharashtra,Other,FAQ,100,900,466.0,1.0,9.0,4.66,Rs/Quintal,Local Processed Dataset,2026-09-24 17:18:05
2010-07-01,Onion,23.0,Ahmednagar,Ahmednagar,Maharashtra,Other,FAQ,100,960,530.0,1.0,9.6,5.3,Rs/Quintal,Local Processed Dataset,2026-09-24 17:18:05
2010-07-08,Onion,23.0,Ahmednagar,Ahmednagar,Maharashtra,Other,FAQ,100,940,520.0,1.0,9.4,5.2,Rs/Quintal,Local Processed Dataset,2026-09-24 17:18:05
2010-07-21,Onion,23.0,Ahmednagar,Kopargaon,Maharashtra,Other,FAQ,200,900,725.0,2.0,9.0,7.25,Rs/Quintal,Local Processed Dataset,2026-09-24 17:18:05
2010-07-22,Onion,23.0,Ahmednagar,Akole,Maharashtra,Other,FAQ,100,975,572.0,1.0,9.75,5.72,Rs/Quintal,Local Processed Dataset,2026-09-24 17:18:05
2010-07-31,Onion,23.0,Ahmednagar,Kopargaon,Maharashtra,Other,FAQ,200,1050,800.0,2.0,10.5,8.0,Rs/Quintal,Local Processed Dataset,2026-09-24 17:18:05
2010-08-05,Onion,23.0,Ahmednagar,Akole,Maharashtra,Other,FAQ,200,1001,644.0,2.0,10.01,6.44,Rs/Quintal,Local Processed Dataset,2026-09-24 17:18:05
2010-08-06,Onion,23.0,Ahmednagar,Ahmednagar,Maharashtra,Other,FAQ,100,960,530.0,1.0,9.6,5.3,Rs/Quintal,Local Processed Dataset,2026-09-24 17:18:05
2010-08-09,Onion,23.0,Ahmednagar,Ahmednagar,Maharashtra,Other,FAQ,200,1010,610.0,2.0,10.1,6.1,Rs/Quintal,Local Processed Dataset,2026-09-24 17:18:05
2010-08-14,Onion,23.0,Ahmednagar,Kopargaon,Maharashtra,Other,FAQ,300,1225,850.0,3.0,12.25,8.5,Rs/Quintal,Local Processed Dataset,2026-09-24 17:18:05
2010-08-16,Onion,23.0,Ahmednagar,Kopargaon,Maharashtra,Other,FAQ,400,1200,900.0,4.0,12.0,9.0,Rs/Quintal,Local Processed Dataset,2026-09-24 17:18:05
2010-08-19,Onion,23.0,Ahmednagar,Ahmednagar,Maharashtra,Other,FAQ,200,1050,625.0,2.0,10.5,6.25,Rs/Quintal,Local Processed Dataset,2026-09-24 17:18:05
2010-08-28,Onion,23.0,Ahmednagar,Ahmednagar,Maharashtra,Other,FAQ,300,1450,900.0,3.0,14.5,9.0,Rs/Quintal,Local Processed Dataset,2026-09-24 17:18:05
2010-09-23,Onion,23.0,Ahmednagar,Akole,Maharashtra,Other,FAQ,300,1900,1375.0,3.0,19.0,13.75,Rs/Quintal,Local Processed Dataset,2026-09-24 17:18:05
2010-10-03,Onion,23.0,Ahmednagar,Akole,Maharashtra,Other,FAQ,300,2000,1452.0,3.0,20.0,14.52,Rs/Quintal,Local Processed Dataset,2026-09-24 17:18:05
2010-10-16,Onion,23.0,Ahmednagar,Ahmednagar,Maharashtra,Other,FAQ,500,1900,1200.0,5.0,19.0,12.0,Rs/Quintal,Local Processed Dataset,2026-09-24 17:18:05
2010-10-25,Onion,23.0,Ahmednagar,Ahmednagar,Maharashtra,Other,FAQ,600,2005,1302.0,6.0,20.05,13.02,Rs/Quintal,Local Processed Dataset,2026-09-24 17:18:05
2010-10-26,Onion,23.0,Ahmednagar,Ahmednagar,Maharashtra,Other,FAQ,600,2005,1302.0,6.0,20.05,13.02,Rs/Quintal,Local Processed Dataset,2026-09-24 17:18:05
2010-11-04,Onion,23.0,Ahmednagar,Akole,Maharashtra,Other,FAQ,300,2105,1398.0,3.0,21.05,13.98,Rs/Quintal,Local Processed Dataset,2026-09-24 17:18:05
2010-11-08,Onion,23.0,Ahmednagar,Ahmednagar,Maharashtra,Other,FAQ,500,3000,1750.0,5.0,30.0,17.5,Rs/Quintal,Local Processed Dataset,2026-09-24 17:18:05
2010-11-15,Onion,23.0,Ahmednagar,Ahmednagar,Maharashtra,Other,FAQ,650,3350,2000.0,6.5,33.5,20.0,Rs/Quintal,Local Processed Dataset,2026-09-24 17:18:05
2010-11-25,Onion,23.0,Ahmednagar,Akole,Maharashtra,Other,FAQ,300,4000,1900.0,3.0,40.0,19.0,Rs/Quintal,Local Processed Dataset,2026-09-24 17:18:05
2010-12-02,Onion,23.0,Ahmednagar,Ahmednagar,Maharashtra,Other,FAQ,1300,3500,2100.0,13.0,35.0,21.0,Rs/Quintal,Local Processed Dataset,2026-09-24 17:18:05
2010-12-04,Onion,23.0,Ahmednagar,Ahmednagar,Maharashtra,Other,FAQ,1400,3500,2100.0,14.0,35.0,21.0,Rs/Quintal,Local Processed Dataset,2026-09-24 17:18:05
2010-12-20,Onion,23.0,Ahmednagar,Ahmednagar,Maharashtra,Other,FAQ,1000,7500,4250.0,10.0,75.0,42.5,Rs/Quintal,Local Processed Dataset,2026-09-24 17:18:05
2010-12-27,Onion,23.0,Ahmednagar,Ahmednagar,Maharashtra,Other,FAQ,1000,6500,3750.0,10.0,65.0,37.5,Rs/Quintal,Local Processed Dataset,2026-09-24 17:18:05
2014-01-08,Onion,23.0,Nashik,Chandvad,Maharashtra,Red,FAQ,500,1330,1000.0,5.0,13.3,10.0,Rs/Quintal,Local Processed Dataset,2026-09-24 17:18:05
2014-01-11,Onion,23.0,Ahmednagar,Pathardi,Maharashtra,Red,FAQ,300,890,744.0,3.0,8.9,7.44,Rs/Quintal,Local Processed Dataset,2026-09-24 17:18:05
2014-01-17,Onion,23.0,Nashik,Chandvad,Maharashtra,Red,FAQ,300,1110,900.0,3.0,11.1,9.0,Rs/Quintal,Local Processed Dataset,2026-09-24 17:18:05
2014-01-18,Onion,23.0,Nashik,Chandvad,Maharashtra,Red,FAQ,300,1111,950.0,3.0,11.11,9.5,Rs/Quintal,Local Processed Dataset,2026-09-24 17:18:05
2014-01-23,Onion,23.0,Nashik,Chandvad,Maharashtra,Red,FAQ,300,983,880.0,3.0,9.83,8.8,Rs/Quintal,Local Processed Dataset,2026-09-24 17:18:05
2014-01-24,Onion,23.0,Ahmednagar,Rahata,Maharashtra,Other,FAQ,250,1050,725.0,2.5,10.5,7.25,Rs/Quintal,Local Processed Dataset,2026-09-24 17:18:05
2014-01-24,Onion,23.0,Nashik,Chandvad,Maharashtra,Red,FAQ,500,1010,900.0,5.0,10.1,9.0,Rs/Quintal,Local Processed Dataset,2026-09-24 17:18:05
2014-01-25,Onion,23.0,Nashik,Chandvad,Maharashtra,Red,FAQ,500,1050,840.0,5.0,10.5,8.4,Rs/Quintal,Local Processed Dataset,2026-09-24 17:18:05
2014-01-29,Onion,23.0,Ahmednagar,Parner,Maharashtra,Other,FAQ,400,1000,700.0,4.0,10.0,7.0,Rs/Quintal,Local Processed Dataset,2026-09-24 17:18:05
2014-02-04,Onion,23.0,Ahmednagar,Rahata,Maharashtra,Other,FAQ,225,900,600.0,2.25,9.0,6.0,Rs/Quintal,Local Processed Dataset,2026-09-24 17:18:05
2014-02-06,Onion,23.0,Nashik,Chandvad,Maharashtra,Red,FAQ,200,812,680.0,2.0,8.12,6.8,Rs/Quintal,Local Processed Dataset,2026-09-24 17:18:05
2014-02-07,Onion,23.0,Ahmednagar,Rahata,Maharashtra,Other,FAQ,225,900,600.0,2.25,9.0,6.0,Rs/Quintal,Local Processed Dataset,2026-09-24 17:18:05
2014-02-13,Onion,23.0,Nashik,Chandvad,Maharashtra,Red,FAQ,100,725,560.0,1.0,7.25,5.6,Rs/Quintal,Local Processed Dataset,2026-09-24 17:18:05
2014-02-14,Onion,23.0,Ahmednagar,Rahata,Maharashtra,Other,FAQ,225,750,550.0,2.25,7.5,5.5,Rs/Quintal,Local Processed Dataset,2026-09-24 17:18:05
2014-02-18,Onion,23.0,Ahmednagar,Rahata,Maharashtra,Other,FAQ,250,700,500.0,2.5,7.0,5.0,Rs/Quintal,Local Processed Dataset,2026-09-24 17:18:05
2014-02-22,Onion,23.0,Nashik,Chandvad,Maharashtra,Red,FAQ,300,913,870.0,3.0,9.13,8.7,Rs/Quintal,Local Processed Dataset,2026-09-24 17:18:05
2014-02-25,Onion,23.0,Nashik,Devala,Maharashtra,Other,FAQ,500,1023,900.0,5.0,10.23,9.0,Rs/Quintal,Local Processed Dataset,2026-09-24 17:18:05
2014-02-26,Onion,23.0,Nashik,Devala,Maharashtra,Other,FAQ,400,881,785.0,4.0,8.81,7.85,Rs/Quintal,Local Processed Dataset,2026-09-24 17:18:05
2014-02-28,Onion,23.0,Ahmednagar,Rahata,Maharashtra,Other,FAQ,375,1000,750.0,3.75,10.0,7.5,Rs/Quintal,Local Processed Dataset,2026-09-24 17:18:05
2014-03-03,Onion,23.0,Nashik,Devala,Maharashtra,Other,FAQ,300,827,700.0,3.0,8.27,7.0,Rs/Quintal,Local Processed Dataset,2026-09-24 17:18:05
2014-03-04,Onion,23.0,Ahmednagar,Rahata,Maharashtra,Other,FAQ,400,900,750.0,4.0,9.0,7.5,Rs/Quintal,Local Processed Dataset,2026-09-24 17:18:05
2014-03-04,Onion,23.0,Ahmednagar,Rahuri,Maharashtra,Other,FAQ,100,825,450.0,1.0,8.25,4.5,Rs/Quintal,Local Processed Dataset,2026-09-24 17:18:05
2014-03-05,Onion,23.0,Nashik,Devala,Maharashtra,Other,FAQ,450,837,775.0,4.5,8.37,7.75,Rs/Quintal,Local Processed Dataset,2026-09-24 17:18:05
2014-03-09,Onion,23.0,Ahmednagar,Rahuri,Maharashtra,Other,FAQ,100,950,525.0,1.0,9.5,5.25,Rs/Quintal,Local Processed Dataset,2026-09-24 17:18:05
2014-03-11,Onion,23.0,Ahmednagar,Rahata,Maharashtra,Other,FAQ,400,1100,925.0,4.0,11.0,9.25,Rs/Quintal,Local Processed Dataset,2026-09-24 17:18:05
2014-03-11,Onion,23.0,Nashik,Devala,Maharashtra,Other,FAQ,500,1051,900.0,5.0,10.51,9.0,Rs/Quintal,Local Processed Dataset,2026-09-24 17:18:05
2014-03-13,Onion,23.0,Nashik,Devala,Maharashtra,Other,FAQ,400,875,750.0,4.0,8.75,7.5,Rs/Quintal,Local Processed Dataset,2026-09-24 17:18:05
2014-03-14,Onion,23.0,Ahmednagar,Rahuri,Maharashtra,Other,FAQ,100,900,500.0,1.0,9.0,5.0,Rs/Quintal,Local Processed Dataset,2026-09-24 17:18:05
2014-03-21,Onion,23.0,Ahmednagar,Rahata,Maharashtra,Other,FAQ,400,950,750.0,4.0,9.5,7.5,Rs/Quintal,Local Processed Dataset,2026-09-24 17:18:05
2014-03-23,Onion,23.0,Ahmednagar,Rahata,Maharashtra,Other,FAQ,400,1000,750.0,4.0,10.0,7.5,Rs/Quintal,Local Processed Dataset,2026-09-24 17:18:05
2014-04-04,Onion,23.0,Ahmednagar,Rahata,Maharashtra,Other,FAQ,400,950,750.0,4.0,9.5,7.5,Rs/Quintal,Local Processed Dataset,2026-09-24 17:18:05
2014-04-06,Onion,23.0,Ahmednagar,Rahata,Maharashtra,Other,FAQ,100,1050,600.0,1.0,10.5,6.0,Rs/Quintal,Local Processed Dataset,2026-09-24 17:18:05
2014-04-09,Onion,23.0,Nashik,Devala,Maharashtra,Other,FAQ,250,1142,750.0,2.5,11.42,7.5,Rs/Quintal,Local Processed Dataset,2026-09-24 17:18:05
2014-04-11,Onion,23.0,Ahmednagar,Rahata,Maharashtra,Other,FAQ,100,1100,550.0,1.0,11.0,5.5,Rs/Quintal,Local Processed Dataset,2026-09-24 17:18:05
2014-04-15,Onion,23.0,Nashik,Devala,Maharashtra,Other,FAQ,250,1093,700.0,2.5,10.93,7.0,Rs/Quintal,Local Processed Dataset,2026-09-24 17:18:05
2014-04-17,Onion,23.0,Nashik,Devala,Maharashtra,Other,FAQ,300,1300,750.0,3.0,13.0,7.5,Rs/Quintal,Local Processed Dataset,2026-09-24 17:18:05
2014-04-25,Onion,23.0,Nashik,Devala,Maharashtra,Other,FAQ,300,1293,751.0,3.0,12.93,7.51,Rs/Quintal,Local Processed Dataset,2026-09-24 17:18:05
2014-05-06,Onion,23.0,Nashik,Devala,Maharashtra,Other,FAQ,150,996,651.0,1.5,9.96,6.51,Rs/Quintal,Local Processed Dataset,2026-09-24 17:18:05
2014-05-11,Onion,23.0,Ahmednagar,Rahata,Maharashtra,Other,FAQ,200,1300,950.0,2.0,13.0,9.5,Rs/Quintal,Local Processed Dataset,2026-09-24 17:18:05
2014-05-13,Onion,23.0,Ahmednagar,Rahata,Maharashtra,Other,FAQ,200,1500,950.0,2.0,15.0,9.5,Rs/Quintal,Local Processed Dataset,2026-09-24 17:18:05
2014-05-16,Onion,23.0,Ahmednagar,Rahata,Maharashtra,Other,FAQ,200,1500,950.0,2.0,15.0,9.5,Rs/Quintal,Local Processed Dataset,2026-09-24 17:18:05
2014-05-20,Onion,23.0,Ahmednagar,Rahata,Maharashtra,Other,FAQ,200,1525,950.0,2.0,15.25,9.5,Rs/Quintal,Local Processed Dataset,2026-09-24 17:18:05
2014-05-23,Onion,23.0,Ahmednagar,Rahata,Maharashtra,Other,FAQ,200,1600,950.0,2.0,16.0,9.5,Rs/Quintal,Local Processed Dataset,2026-09-24 17:18:05
2014-05-30,Onion,23.0,Ahmednagar,Rahata,Maharashtra,Other,FAQ,200,1500,950.0,2.0,15.0,9.5,Rs/Quintal,Local Processed Dataset,2026-09-24 17:18:05
2014-06-01,Onion,23.0,Ahmednagar,Parner,Maharashtra,Other,FAQ,300,1825,1062.0,3.0,18.25,10.62,Rs/Quintal,Local Processed Dataset,2026-09-24 17:18:05
2014-06-04,Onion,23.0,Ahmednagar,Parner,Maharashtra,Other,FAQ,300,2000,1150.0,3.0,20.0,11.5,Rs/Quintal,Local Processed Dataset,2026-09-24 17:18:05
2014-06-13,Onion,23.0,Nashik,Devala,Maharashtra,Other,FAQ,300,1250,950.0,3.0,12.5,9.5,Rs/Quintal,Local Processed Dataset,2026-09-24 17:18:05
2014-06-18,Onion,23.0,Nashik,Devala,Maharashtra,Other,FAQ,500,1515,1100.0,5.0,15.15,11.0,Rs/Quintal,Local Processed Dataset,2026-09-24 17:18:05
2014-06-20,Onion,23.0,Ahmednagar,Rahata,Maharashtra,Other,FAQ,350,2000,1450.0,3.5,20.0,14.5,Rs/Quintal,Local Processed Dataset,2026-09-24 17:18:05
2014-06-23,Onion,23.0,Nashik,Devala,Maharashtra,Other,FAQ,400,1600,1300.0,4.0,16.0,13.0,Rs/Quintal,Local Processed Dataset,2026-09-24 17:18:05
2014-06-25,Onion,23.0,Nashik,Devala,Maharashtra,Other,FAQ,500,1766,1500.0,5.0,17.66,15.0,Rs/Quintal,Local Processed Dataset,2026-09-24 17:18:05
2014-06-30,Onion,23.0,Nashik,Devala,Maharashtra,Other,FAQ,800,2150,1850.0,8.0,21.5,18.5,Rs/Quintal,Local Processed Dataset,2026-09-24 17:18:05
2014-07-06,Onion,23.0,Ahmednagar,Pathardi,Maharashtra,Red,FAQ,300,2400,1866.0,3.0,24.0,18.66,Rs/Quintal,Local Processed Dataset,2026-09-24 17:18:05
2014-07-08,Onion,23.0,Ahmednagar,Pathardi,Maharashtra,Red,FAQ,300,2800,1550.0,3.0,28.0,15.5,Rs/Quintal,Local Processed Dataset,2026-09-24 17:18:05
2014-07-09,Onion,23.0,Ahmednagar,Parner,Maharashtra,Other,FAQ,700,2800,1750.0,7.0,28.0,17.5,Rs/Quintal,Local Processed Dataset,2026-09-24 17:18:05
2014-07-15,Onion,23.0,Ahmednagar,Pathardi,Maharashtra,Red,FAQ,300,2300,1700.0,3.0,23.0,17.0,Rs/Quintal,Local Processed Dataset,2026-09-24 17:18:05
2014-07-16,Onion,23.0,Nashik,Devala,Maharashtra,Other,FAQ,650,2100,1800.0,6.5,21.0,18.0,Rs/Quintal,Local Processed Dataset,2026-09-24 17:18:05
2014-07-25,Onion,23.0,Nashik,Devala,Maharashtra,Other,FAQ,700,1970,1650.0,7.0,19.7,16.5,Rs/Quintal,Local Processed Dataset,2026-09-24 17:18:05
2014-07-27,Onion,23.0,Ahmednagar,Rahata,Maharashtra,Other,FAQ,550,2500,1950.0,5.5,25.0,19.5,Rs/Quintal,Local Processed Dataset,2026-09-24 17:18:05
2014-07-29,Onion,23.0,Ahmednagar,Rahata,Maharashtra,Other,FAQ,550,2700,1950.0,5.5,27.0,19.5,Rs/Quintal,Local Processed Dataset,2026-09-24 17:18:05
2014-08-03,Onion,23.0,Ahmednagar,Rahata,Maharashtra,Other,FAQ,600,2650,1950.0,6.0,26.5,19.5,Rs/Quintal,Local Processed Dataset,2026-09-24 17:18:05
2014-08-06,Onion,23.0,Nashik,Devala,Maharashtra,Other,FAQ,500,1711,1450.0,5.0,17.11,14.5,Rs/Quintal,Local Processed Dataset,2026-09-24 17:18:05
2014-08-07,Onion,23.0,Nashik,Devala,Maharashtra,Other,FAQ,750,1851,1450.0,7.5,18.51,14.5,Rs/Quintal,Local Processed Dataset,2026-09-24 17:18:05
2014-08-08,Onion,23.0,Ahmednagar,Pathardi,Maharashtra,Red,FAQ,300,1800,1000.0,3.0,18.0,10.0,Rs/Quintal,Local Processed Dataset,2026-09-24 17:18:05
2014-08-19,Onion,23.0,Nashik,Devala,Maharashtra,Other,FAQ,700,1825,1500.0,7.0,18.25,15.0,Rs/Quintal,Local Processed Dataset,2026-09-24 17:18:05
2014-08-20,Onion,23.0,Nashik,Devala,Maharashtra,Other,FAQ,751,1800,1500.0,7.51,18.0,15.0,Rs/Quintal,Local Processed Dataset,2026-09-24 17:18:05
2014-08-26,Onion,23.0,Ahmednagar,Pathardi,Maharashtra,Red,FAQ,300,2200,1500.0,3.0,22.0,15.0,Rs/Quintal,Local Processed Dataset,2026-09-24 17:18:05
2014-09-03,Onion,23.0,Nashik,Devala,Maharashtra,Other,FAQ,600,1712,1450.0,6.0,17.12,14.5,Rs/Quintal,Local Processed Dataset,2026-09-24 17:18:05
2014-09-09,Onion,23.0,Nashik,Devala,Maharashtra,Other,FAQ,600,1531,1350.0,6.0,15.31,13.5,Rs/Quintal,Local Processed Dataset,2026-09-24 17:18:05
2014-09-15,Onion,23.0,Nashik,Devala,Maharashtra,Other,FAQ,650,1800,1350.0,6.5,18.0,13.5,Rs/Quintal,Local Processed Dataset,2026-09-24 17:18:05
2014-09-21,Onion,23.0,Ahmednagar,Pathardi,Maharashtra,Red,FAQ,300,2200,1500.0,3.0,22.0,15.0,Rs/Quintal,Local Processed Dataset,2026-09-24 17:18:05
2014-10-01,Onion,23.0,Ahmednagar,Parner,Maharashtra,Other,FAQ,300,1650,975.0,3.0,16.5,9.75,Rs/Quintal,Local Processed Dataset,2026-09-24 17:18:05
2014-10-04,Onion,23.0,Nashik,Chandvad,Maharashtra,Red,FAQ,361,1111,1110.0,3.61,11.11,11.1,Rs/Quintal,Local Processed Dataset,2026-09-24 17:18:05
2014-10-08,Onion,23.0,Ahmednagar,Parner,Maharashtra,Other,FAQ,500,2100,1300.0,5.0,21.0,13.0,Rs/Quintal,Local Processed Dataset,2026-09-24 17:18:05
2014-10-09,Onion,23.0,Nashik,Devala,Maharashtra,Other,FAQ,650,1458,1200.0,6.5,14.58,12.0,Rs/Quintal,Local Processed Dataset,2026-09-24 17:18:05
2014-10-14,Onion,23.0,Nashik,Chandvad,Maharashtra,Other,FAQ,300,1740,1300.0,3.0,17.4,13.0,Rs/Quintal,Local Processed Dataset,2026-09-24 17:18:05
2014-10-29,Onion,23.0,Nashik,Chandvad,Maharashtra,Other,FAQ,555,1735,1450.0,5.55,17.35,14.5,Rs/Quintal,Local Processed Dataset,2026-09-24 17:18:05
2014-10-30,Onion,23.0,Nashik,Chandvad,Maharashtra,Other,FAQ,800,1638,1450.0,8.0,16.38,14.5,Rs/Quintal,Local Processed Dataset,2026-09-24 17:18:05
2014-11-05,Onion,23.0,Nashik,Chandvad,Maharashtra,Other,FAQ,301,1622,1400.0,3.01,16.22,14.0,Rs/Quintal,Local Processed Dataset,2026-09-24 17:18:05
2014-11-07,Onion,23.0,Ahmednagar,Rahata,Maharashtra,Other,FAQ,600,2250,1650.0,6.0,22.5,16.5,Rs/Quintal,Local Processed Dataset,2026-09-24 17:18:05
2014-11-10,Onion,23.0,Nashik,Devala,Maharashtra,Other,FAQ,850,1756,1550.0,8.5,17.56,15.5,Rs/Quintal,Local Processed Dataset,2026-09-24 17:18:05
2014-11-11,Onion,23.0,Nashik,Devala,Maharashtra,Other,FAQ,800,1550,1450.0,8.0,15.5,14.5,Rs/Quintal,Local Processed Dataset,2026-09-24 17:18:05
2014-11-12,Onion,23.0,Nashik,Chandvad,Maharashtra,Red,FAQ,831,1710,1480.0,8.31,17.1,14.8,Rs/Quintal,Local Processed Dataset,2026-09-24 17:18:05
2014-11-13,Onion,23.0,Nashik,Chandvad,Maharashtra,Red,FAQ,654,1713,1550.0,6.54,17.13,15.5,Rs/Quintal,Local Processed Dataset,2026-09-24 17:18:05
2014-11-14,Onion,23.0,Nashik,Chandvad,Maharashtra,Red,FAQ,715,1711,1550.0,7.15,17.11,15.5,Rs/Quintal,Local Processed Dataset,2026-09-24 17:18:05
2014-11-14,Onion,23.0,Nashik,Devala,Maharashtra,Other,FAQ,850,1625,1500.0,8.5,16.25,15.0,Rs/Quintal,Local Processed Dataset,2026-09-24 17:18:05
2014-11-18,Onion,23.0,Nashik,Chandvad,Maharashtra,Red,FAQ,300,1695,1480.0,3.0,16.95,14.8,Rs/Quintal,Local Processed Dataset,2026-09-24 17:18:05
2014-11-21,Onion,23.0,Ahmednagar,Rahata,Maharashtra,Other,FAQ,400,2200,1350.0,4.0,22.0,13.5,Rs/Quintal,Local Processed Dataset,2026-09-24 17:18:05
2014-11-25,Onion,23.0,Nashik,Chandvad,Maharashtra,Red,FAQ,341,1503,1420.0,3.41,15.03,14.2,Rs/Quintal,Local Processed Dataset,2026-09-24 17:18:05
2014-11-26,Onion,23.0,Ahmednagar,Parner,Maharashtra,Red,FAQ,500,2100,1300.0,5.0,21.0,13.0,Rs/Quintal,Local Processed Dataset,2026-09-24 17:18:05
2014-11-27,Onion,23.0,Nashik,Chandvad,Maharashtra,Red,FAQ,572,1489,1270.0,5.72,14.89,12.7,Rs/Quintal,Local Processed Dataset,2026-09-24 17:18:05
2014-12-01,Onion,23.0,Ahmednagar,Newasa(Ghodegaon),Maharashtra,Red,FAQ,300,1900,1400.0,3.0,19.0,14.0,Rs/Quintal,Local Processed Dataset,2026-09-24 17:18:05
2014-12-02,Onion,23.0,Ahmednagar,Rahata,Maharashtra,Other,FAQ,500,2000,1450.0,5.0,20.0,14.5,Rs/Quintal,Local Processed Dataset,2026-09-24 17:18:05
2014-12-02,Onion,23.0,Nashik,Chandvad,Maharashtra,Red,FAQ,200,1568,1250.0,2.0,15.68,12.5,Rs/Quintal,Local Processed Dataset,2026-09-24 17:18:05
2014-12-03,Onion,23.0,Ahmednagar,Parner,Maharashtra,Red,FAQ,500,1800,1150.0,5.0,18.0,11.5,Rs/Quintal,Local Processed Dataset,2026-09-24 17:18:05
2014-12-05,Onion,23.0,Ahmednagar,Rahata,Maharashtra,Other,FAQ,400,1700,1250.0,4.0,17.0,12.5,Rs/Quintal,Local Processed Dataset,2026-09-24 17:18:05
2014-12-07,Onion,23.0,Ahmednagar,Pathardi,Maharashtra,Red,FAQ,100,1600,900.0,1.0,16.0,9.0,Rs/Quintal,Local Processed Dataset,2026-09-24 17:18:05
2014-12-08,Onion,23.0,Ahmednagar,Newasa(Ghodegaon),Maharashtra,Red,FAQ,300,1900,1400.0,3.0,19.0,14.0,Rs/Quintal,Local Processed Dataset,2026-09-24 17:18:05
2014-12-10,Onion,23.0,Ahmednagar,Parner,Maharashtra,Red,FAQ,500,2000,1250.0,5.0,20.0,12.5,Rs/Quintal,Local Processed Dataset,2026-09-24 17:18:05
2014-12-21,Onion,23.0,Ahmednagar,Parner,Maharashtra,Red,FAQ,800,2600,1700.0,8.0,26.0,17.0,Rs/Quintal,Local Processed Dataset,2026-09-24 17:18:05
2025-06-15,Onion,23.0,Ahmednagar,Shrigonda,Maharashtra,Other,Local,300,1400,1000.0,3.0,14.0,10.0,Rs/Quintal,Local Processed Dataset,2026-09-24 17:18:05
2025-06-27,Onion,23.0,Ahmednagar,Shrirampur,Maharashtra,Other,Local,630,2100,1650.0,6.3,21.0,16.5,Rs/Quintal,Local Processed Dataset,2026-09-24 17:18:05
2025-07-01,Onion,23.0,Ahmednagar,Akole,Maharashtra,Other,Local,300,2000,1651.0,3.0,20.0,16.51,Rs/Quintal,Local Processed Dataset,2026-09-24 17:18:05
2025-07-01,Onion,23.0,Ahmednagar,Jamkhed,Maharashtra,Local,Local,100,1800,950.0,1.0,18.0,9.5,Rs/Quintal,Local Processed Dataset,2026-09-24 17:18:05
2025-07-01,Onion,23.0,Ahmednagar,Om Chaitanya Multistate Agro Purpose CoOp Society,Maharashtra,Other,Local,200,1800,1250.0,2.0,18.0,12.5,Rs/Quintal,Local Processed Dataset,2026-09-24 17:18:05
2025-07-02,Onion,23.0,Ahmednagar,Shrirampur,Maharashtra,Other,Local,400,2000,1550.0,4.0,20.0,15.5,Rs/Quintal,Local Processed Dataset,2026-09-24 17:18:05
2025-07-03,Onion,23.0,Ahmednagar,Karjat,Maharashtra,Local,Local,1000,1000,1000.0,10.0,10.0,10.0,Rs/Quintal,Local Processed Dataset,2026-09-24 17:18:05
2025-07-04,Onion,23.0,Ahmednagar,Rahata,Maharashtra,Other,Local,500,2000,1450.0,5.0,20.0,14.5,Rs/Quintal,Local Processed Dataset,2026-09-24 17:18:05
2025-07-05,Onion,23.0,Ahmednagar,Newasa(Ghodegaon),Maharashtra,Other,Local,500,1900,1200.0,5.0,19.0,12.0,Rs/Quintal,Local Processed Dataset,2026-09-24 17:18:05
2025-07-05,Onion,23.0,Ahmednagar,Shree Sairaj Krushi Market,Maharashtra,Local,Local,200,2000,1100.0,2.0,20.0,11.0,Rs/Quintal,Local Processed Dataset,2026-09-24 17:18:05
2025-07-06,Onion,23.0,Ahmednagar,Akole,Maharashtra,Other,Local,150,1825,1551.0,1.5,18.25,15.51,Rs/Quintal,Local Processed Dataset,2026-09-24 17:18:05
2025-07-06,Onion,23.0,Ahmednagar,Parner,Maharashtra,Other,Local,100,2000,1500.0,1.0,20.0,15.0,Rs/Quintal,Local Processed Dataset,2026-09-24 17:18:05
2025-07-08,Onion,23.0,Ahmednagar,Kopargaon,Maharashtra,Other,Local,500,1625,1395.0,5.0,16.25,13.95,Rs/Quintal,Local Processed Dataset,2026-09-24 17:18:05
2025-07-08,Onion,23.0,Ahmednagar,Om Chaitanya Multistate Agro Purpose CoOp Society,Maharashtra,Other,Local,200,1800,1300.0,2.0,18.0,13.0,Rs/Quintal,Local Processed Dataset,2026-09-24 17:18:05
2025-07-11,Onion,23.0,Ahmednagar,Karjat,Maharashtra,Local,Local,100,1600,1000.0,1.0,16.0,10.0,Rs/Quintal,Local Processed Dataset,2026-09-24 17:18:05
2025-07-11,Onion,23.0,Ahmednagar,Om Chaitanya Multistate Agro Purpose CoOp Society,Maharashtra,Other,Local,200,1700,1250.0,2.0,17.0,12.5,Rs/Quintal,Local Processed Dataset,2026-09-24 17:18:05
2025-07-11,Onion,23.0,Ahmednagar,Rahuri,Maharashtra,Other,Local,100,1875,985.0,1.0,18.75,9.85,Rs/Quintal,Local Processed Dataset,2026-09-24 17:18:05
2025-07-11,Onion,23.0,Ahmednagar,Sangamner,Maharashtra,Other,Local,200,1900,1100.0,2.0,19.0,11.0,Rs/Quintal,Local Processed Dataset,2026-09-24 17:18:05
2025-07-13,Onion,23.0,Ahmednagar,Akole,Maharashtra,Other,Local,150,1651,1351.0,1.5,16.51,13.51,Rs/Quintal,Local Processed Dataset,2026-09-24 17:18:05
2025-07-14,Onion,23.0,Ahmednagar,Karjat,Maharashtra,Local,Local,200,1500,1000.0,2.0,15.0,10.0,Rs/Quintal,Local Processed Dataset,2026-09-24 17:18:05
2025-07-14,Onion,23.0,Ahmednagar,Newasa(Ghodegaon),Maharashtra,Other,Local,300,1700,1200.0,3.0,17.0,12.0,Rs/Quintal,Local Processed Dataset,2026-09-24 17:18:05
2025-07-14,Onion,23.0,Ahmednagar,Shevgaon,Maharashtra,2nd Sort,Local,600,1100,800.0,6.0,11.0,8.0,Rs/Quintal,Local Processed Dataset,2026-09-24 17:18:05
2025-07-14,Onion,23.0,Ahmednagar,Shevgaon,Maharashtra,1st Sort,Local,1200,1600,1300.0,12.0,16.0,13.0,Rs/Quintal,Local Processed Dataset,2026-09-24 17:18:05
2025-07-15,Onion,23.0,Ahmednagar,Kopargaon,Maharashtra,Other,Local,500,1489,1225.0,5.0,14.89,12.25,Rs/Quintal,Local Processed Dataset,2026-09-24 17:18:05
2025-07-16,Onion,23.0,Ahmednagar,Shrirampur,Maharashtra,Other,Local,600,1700,1350.0,6.0,17.0,13.5,Rs/Quintal,Local Processed Dataset,2026-09-24 17:18:05
2025-07-18,Onion,23.0,Ahmednagar,Kopargaon,Maharashtra,Other,Local,500,1485,1200.0,5.0,14.85,12.0,Rs/Quintal,Local Processed Dataset,2026-09-24 17:18:05
2025-07-19,Onion,23.0,Ahmednagar,Jamkhed,Maharashtra,Local,Local,200,1900,1050.0,2.0,19.0,10.5,Rs/Quintal,Local Processed Dataset,2026-09-24 17:18:05
2025-07-19,Onion,23.0,Ahmednagar,Shree Sairaj Krushi Market,Maharashtra,Local,Local,300,1700,1000.0,3.0,17.0,10.0,Rs/Quintal,Local Processed Dataset,2026-09-24 17:18:05
2025-07-20,Onion,23.0,Ahmednagar,Akole,Maharashtra,Other,Local,111,1800,1500.0,1.11,18.0,15.0,Rs/Quintal,Local Processed Dataset,2026-09-24 17:18:05
2025-07-20,Onion,23.0,Ahmednagar,Parner,Maharashtra,Other,Local,200,1825,1400.0,2.0,18.25,14.0,Rs/Quintal,Local Processed Dataset,2026-09-24 17:18:05
2025-07-20,Onion,23.0,Ahmednagar,Rahata,Maharashtra,Other,Local,400,1800,1200.0,4.0,18.0,12.0,Rs/Quintal,Local Processed Dataset,2026-09-24 17:18:05
2025-07-21,Onion,23.0,Ahmednagar,Shevgaon,Maharashtra,1st Sort,Local,1400,1700,1550.0,14.0,17.0,15.5,Rs/Quintal,Local Processed Dataset,2026-09-24 17:18:05
2025-07-21,Onion,23.0,Ahmednagar,Sangamner,Maharashtra,Other,Local,200,2000,1100.0,2.0,20.0,11.0,Rs/Quintal,Local Processed Dataset,2026-09-24 17:18:05
2025-07-21,Onion,23.0,Ahmednagar,Shevgaon,Maharashtra,Other,Local,300,600,450.0,3.0,6.0,4.5,Rs/Quintal,Local Processed Dataset,2026-09-24 17:18:05
2025-07-22,Onion,23.0,Ahmednagar,Rahuri,Maharashtra,Other,Local,100,2050,1075.0,1.0,20.5,10.75,Rs/Quintal,Local Processed Dataset,2026-09-24 17:18:05
2025-07-23,Onion,23.0,Ahmednagar,Parner,Maharashtra,Other,Local,200,1800,1300.0,2.0,18.0,13.0,Rs/Quintal,Local Processed Dataset,2026-09-24 17:18:05
2025-07-23,Onion,23.0,Ahmednagar,Sangamner,Maharashtra,Other,Local,200,1767,983.0,2.0,17.67,9.83,Rs/Quintal,Local Processed Dataset,2026-09-24 17:18:05
2025-07-23,Onion,23.0,Ahmednagar,Shree Sairaj Krushi Market,Maharashtra,Local,Local,300,1700,1000.0,3.0,17.0,10.0,Rs/Quintal,Local Processed Dataset,2026-09-24 17:18:05
2025-07-24,Onion,23.0,Ahmednagar,Ahmednagar,Maharashtra,Other,Local,200,1600,950.0,2.0,16.0,9.5,Rs/Quintal,Local Processed Dataset,2026-09-24 17:18:05
2025-07-24,Onion,23.0,Ahmednagar,Jamkhed,Maharashtra,Local,Local,100,1700,900.0,1.0,17.0,9.0,Rs/Quintal,Local Processed Dataset,2026-09-24 17:18:05
2025-07-24,Onion,23.0,Ahmednagar,Rahuri(Vambori),Maharashtra,Other,Local,100,1700,1100.0,1.0,17.0,11.0,Rs/Quintal,Local Processed Dataset,2026-09-24 17:18:05
2025-07-24,Onion,23.0,Ahmednagar,Shevgaon,Maharashtra,Other,Local,300,600,400.0,3.0,6.0,4.0,Rs/Quintal,Local Processed Dataset,2026-09-24 17:18:05
2025-07-24,Onion,23.0,Ahmednagar,Shevgaon,Maharashtra,1st Sort,Local,1300,1700,1500.0,13.0,17.0,15.0,Rs/Quintal,Local Processed Dataset,2026-09-24 17:18:05
2025-07-27,Onion,23.0,Ahmednagar,Om Chaitanya Multistate Agro Purpose CoOp Society,Maharashtra,Other,Local,200,1600,1150.0,2.0,16.0,11.5,Rs/Quintal,Local Processed Dataset,2026-09-24 17:18:05
2025-07-27,Onion,23.0,Ahmednagar,Rahata,Maharashtra,Other,Local,600,1700,1200.0,6.0,17.0,12.0,Rs/Quintal,Local Processed Dataset,2026-09-24 17:18:05
2025-07-28,Onion,23.0,Ahmednagar,Kopargaon,Maharashtra,Other,Local,500,1473,1200.0,5.0,14.73,12.0,Rs/Quintal,Local Processed Dataset,2026-09-24 17:18:05
2025-07-29,Onion,23.0,Ahmednagar,Akole,Maharashtra,Other,Local,100,1600,1300.0,1.0,16.0,13.0,Rs/Quintal,Local Processed Dataset,2026-09-24 17:18:05
2025-07-29,Onion,23.0,Ahmednagar,Sangamner,Maharashtra,Other,Local,200,1700,950.0,2.0,17.0,9.5,Rs/Quintal,Local Processed Dataset,2026-09-24 17:18:05
2025-07-31,Onion,23.0,Ahmednagar,Ahmednagar,Maharashtra,Other,Local,200,1600,950.0,2.0,16.0,9.5,Rs/Quintal,Local Processed Dataset,2026-09-24 17:18:05
2025-07-31,Onion,23.0,Ahmednagar,Kopargaon,Maharashtra,Other,Local,500,1600,1310.0,5.0,16.0,13.1,Rs/Quintal,Local Processed Dataset,2026-09-24 17:18:05
2026-04-01,Onion,23.0,Ahilyanagar,Sangamner APMC,Maharashtra,Other,Local,251,1351,801.0,2.51,13.51,8.01,Rs/Quintal,Local Processed Dataset,2026-09-24 17:18:05
2026-04-02,Onion,23.0,Ahilyanagar,Sangamner APMC,Maharashtra,Other,Local,200,1252,726.0,2.0,12.52,7.26,Rs/Quintal,Local Processed Dataset,2026-09-24 17:18:05
2026-04-03,Onion,23.0,Ahilyanagar,Sangamner APMC,Maharashtra,Other,Local,200,1301,750.0,2.0,13.01,7.5,Rs/Quintal,Local Processed Dataset,2026-09-24 17:18:05
2026-04-03,Onion,23.0,Ahilyanagar,"Omchatinya Multi State Agro Purpose Co-Op Society, Dist Ahilyanagar",Maharashtra,Red,Local,100,1200,900.0,1.0,12.0,9.0,Rs/Quintal,Local Processed Dataset,2026-09-24 17:18:05
2026-04-04,Onion,23.0,Ahilyanagar,Ahilyanagar APMC,Maharashtra,Red,Local,150,1200,700.0,1.5,12.0,7.0,Rs/Quintal,Local Processed Dataset,2026-09-24 17:18:05
2026-04-04,Onion,23.0,Ahilyanagar,Kopargaon APMC,Maharashtra,Red,Local,500,988,850.0,5.0,9.88,8.5,Rs/Quintal,Local Processed Dataset,2026-09-24 17:18:05
2026-04-05,Onion,23.0,Ahilyanagar,Akole APMC,Maharashtra,Other,Local,251,1351,1051.0,2.51,13.51,10.51,Rs/Quintal,Local Processed Dataset,2026-09-24 17:18:05
2026-04-05,Onion,23.0,Ahilyanagar,Rahuri APMC,Maharashtra,Other,Local,100,1405,750.0,1.0,14.05,7.5,Rs/Quintal,Local Processed Dataset,2026-09-24 17:18:05
2026-04-05,Onion,23.0,Ahilyanagar,Parner APMC,Maharashtra,Other,Local,200,1300,975.0,2.0,13.0,9.75,Rs/Quintal,Local Processed Dataset,2026-09-24 17:18:05
2026-04-05,Onion,23.0,Ahilyanagar,Pathardi APMC,Maharashtra,Red,Local,150,1150,600.0,1.5,11.5,6.0,Rs/Quintal,Local Processed Dataset,2026-09-24 17:18:05
2026-04-06,Onion,23.0,Ahilyanagar,Shevgaon APMC,Maharashtra,2nd Sort,Local,400,700,500.0,4.0,7.0,5.0,Rs/Quintal,Local Processed Dataset,2026-09-24 17:18:05
2026-04-06,Onion,23.0,Ahilyanagar,Kopargaon APMC,Maharashtra,Other,Local,500,1200,1050.0,5.0,12.0,10.5,Rs/Quintal,Local Processed Dataset,2026-09-24 17:18:05
2026-04-06,Onion,23.0,Ahilyanagar,Ahilyanagar APMC,Maharashtra,Red,Local,150,1300,750.0,1.5,13.0,7.5,Rs/Quintal,Local Processed Dataset,2026-09-24 17:18:05
2026-04-07,Onion,23.0,Ahilyanagar,Kopargaon APMC,Maharashtra,Other,Local,500,1244,1100.0,5.0,12.44,11.0,Rs/Quintal,Local Processed Dataset,2026-09-24 17:18:05
2026-04-07,Onion,23.0,Ahilyanagar,Akole APMC,Maharashtra,Other,Local,250,1351,1051.0,2.5,13.51,10.51,Rs/Quintal,Local Processed Dataset,2026-09-24 17:18:05
2026-04-07,Onion,23.0,Ahilyanagar,Sangamner APMC,Maharashtra,Other,Local,200,1351,775.0,2.0,13.51,7.75,Rs/Quintal,Local Processed Dataset,2026-09-24 17:18:05
2026-04-07,Onion,23.0,Ahilyanagar,Rahuri APMC,Maharashtra,Other,Local,100,1350,725.0,1.0,13.5,7.25,Rs/Quintal,Local Processed Dataset,2026-09-24 17:18:05
2026-04-07,Onion,23.0,Ahilyanagar,Karjat APMC,Maharashtra,Local,Local,600,600,600.0,6.0,6.0,6.0,Rs/Quintal,Local Processed Dataset,2026-09-24 17:18:05
2026-04-08,Onion,23.0,Ahilyanagar,Kopargaon APMC,Maharashtra,Other,Local,500,1189,1025.0,5.0,11.89,10.25,Rs/Quintal,Local Processed Dataset,2026-09-24 17:18:05
2026-04-08,Onion,23.0,Ahilyanagar,Pathardi APMC,Maharashtra,Red,Local,100,1200,650.0,1.0,12.0,6.5,Rs/Quintal,Local Processed Dataset,2026-09-24 17:18:05
2026-04-08,Onion,23.0,Ahilyanagar,Kopargaon APMC,Maharashtra,Red,Local,500,1070,925.0,5.0,10.7,9.25,Rs/Quintal,Local Processed Dataset,2026-09-24 17:18:05
2026-04-09,Onion,23.0,Ahilyanagar,Jamkhed APMC,Maharashtra,Local,Local,100,1100,600.0,1.0,11.0,6.0,Rs/Quintal,Local Processed Dataset,2026-09-24 17:18:05
2026-04-10,Onion,23.0,Ahilyanagar,Rahuri APMC,Maharashtra,Other,Local,100,1300,700.0,1.0,13.0,7.0,Rs/Quintal,Local Processed Dataset,2026-09-24 17:18:05
2026-04-10,Onion,23.0,Ahilyanagar,"Omchatinya Multi State Agro Purpose Co-Op Society, Dist Ahilyanagar",Maharashtra,Other,Local,100,1300,800.0,1.0,13.0,8.0,Rs/Quintal,Local Processed Dataset,2026-09-24 17:18:05
2026-04-11,Onion,23.0,Ahilyanagar,Rahuri(Vambori) APMC,Maharashtra,Other,Local,100,1300,800.0,1.0,13.0,8.0,Rs/Quintal,Local Processed Dataset,2026-09-24 17:18:05
2026-04-11,Onion,23.0,Ahilyanagar,Kopargaon APMC,Maharashtra,Other,Local,500,1159,1000.0,5.0,11.59,10.0,Rs/Quintal,Local Processed Dataset,2026-09-24 17:18:05
2026-04-11,Onion,23.0,Ahilyanagar,Newasa(Ghodegaon) APMC,Maharashtra,Red,Local,300,1200,800.0,3.0,12.0,8.0,Rs/Quintal,Local Processed Dataset,2026-09-24 17:18:05
2026-04-13,Onion,23.0,Ahilyanagar,Shevgaon APMC,Maharashtra,2nd Sort,Local,400,700,600.0,4.0,7.0,6.0,Rs/Quintal,Local Processed Dataset,2026-09-24 17:18:05
2026-04-13,Onion,23.0,Ahilyanagar,Sangamner APMC,Maharashtra,Other,Local,200,1400,800.0,2.0,14.0,8.0,Rs/Quintal,Local Processed Dataset,2026-09-24 17:18:05
2026-04-13,Onion,23.0,Ahilyanagar,Kopargaon APMC,Maharashtra,Other,Local,500,1226,1050.0,5.0,12.26,10.5,Rs/Quintal,Local Processed Dataset,2026-09-24 17:18:05
2026-04-13,Onion,23.0,Ahilyanagar,Newasa(Ghodegaon) APMC,Maharashtra,Red,Local,300,1200,900.0,3.0,12.0,9.0,Rs/Quintal,Local Processed Dataset,2026-09-24 17:18:05
2026-04-14,Onion,23.0,Ahilyanagar,Sangamner APMC,Maharashtra,Other,Local,200,1356,778.0,2.0,13.56,7.78,Rs/Quintal,Local Processed Dataset,2026-09-24 17:18:05
2026-04-15,Onion,23.0,Ahilyanagar,Parner APMC,Maharashtra,Other,Local,200,1200,850.0,2.0,12.0,8.5,Rs/Quintal,Local Processed Dataset,2026-09-24 17:18:05
2026-04-15,Onion,23.0,Ahilyanagar,Kopargaon APMC,Maharashtra,Other,Local,500,1163,975.0,5.0,11.63,9.75,Rs/Quintal,Local Processed Dataset,2026-09-24 17:18:05
2026-04-15,Onion,23.0,Ahilyanagar,Newasa(Ghodegaon) APMC,Maharashtra,Other,Local,300,1300,900.0,3.0,13.0,9.0,Rs/Quintal,Local Processed Dataset,2026-09-24 17:18:05
2026-04-16,Onion,23.0,Ahilyanagar,Rahuri(Vambori) APMC,Maharashtra,Other,Local,100,1200,800.0,1.0,12.0,8.0,Rs/Quintal,Local Processed Dataset,2026-09-24 17:18:05
2026-04-16,Onion,23.0,Ahilyanagar,Kopargaon APMC,Maharashtra,Other,Local,500,1215,900.0,5.0,12.15,9.0,Rs/Quintal,Local Processed Dataset,2026-09-24 17:18:05
2026-04-16,Onion,23.0,Ahilyanagar,Akole APMC,Maharashtra,Other,Local,200,1351,1061.0,2.0,13.51,10.61,Rs/Quintal,Local Processed Dataset,2026-09-24 17:18:05
2026-04-16,Onion,23.0,Ahilyanagar,Ahilyanagar APMC,Maharashtra,Red,Local,150,1100,650.0,1.5,11.0,6.5,Rs/Quintal,Local Processed Dataset,2026-09-24 17:18:05
2026-04-16,Onion,23.0,Ahilyanagar,Jamkhed APMC,Maharashtra,Local,Local,100,1000,550.0,1.0,10.0,5.5,Rs/Quintal,Local Processed Dataset,2026-09-24 17:18:05
2026-04-16,Onion,23.0,Ahilyanagar,Shevgaon APMC,Maharashtra,2nd Sort,Local,400,600,475.0,4.0,6.0,4.75,Rs/Quintal,Local Processed Dataset,2026-09-24 17:18:05
2026-04-17,Onion,23.0,Ahilyanagar,Sangamner APMC,Maharashtra,Other,Local,200,1251,725.0,2.0,12.51,7.25,Rs/Quintal,Local Processed Dataset,2026-09-24 17:18:05
2026-04-17,Onion,23.0,Ahilyanagar,Kopargaon APMC,Maharashtra,Red,Local,200,850,700.0,2.0,8.5,7.0,Rs/Quintal,Local Processed Dataset,2026-09-24 17:18:05
2026-04-17,Onion,23.0,Ahilyanagar,Parner APMC,Maharashtra,Other,Local,200,1200,825.0,2.0,12.0,8.25,Rs/Quintal,Local Processed Dataset,2026-09-24 17:18:05
2026-04-18,Onion,23.0,Ahilyanagar,Jamkhed APMC,Maharashtra,Local,Local,100,1100,600.0,1.0,11.0,6.0,Rs/Quintal,Local Processed Dataset,2026-09-24 17:18:05
2026-04-18,Onion,23.0,Ahilyanagar,Rahuri(Vambori) APMC,Maharashtra,Other,Local,100,1300,900.0,1.0,13.0,9.0,Rs/Quintal,Local Processed Dataset,2026-09-24 17:18:05
2026-04-18,Onion,23.0,Ahilyanagar,Kopargaon APMC,Maharashtra,Red,Local,100,750,700.0,1.0,7.5,7.0,Rs/Quintal,Local Processed Dataset,2026-09-24 17:18:05
2026-04-18,Onion,23.0,Ahilyanagar,Kopargaon APMC,Maharashtra,Other,Local,200,950,720.0,2.0,9.5,7.2,Rs/Quintal,Local Processed Dataset,2026-09-24 17:18:05
2026-04-18,Onion,23.0,Ahilyanagar,Shevgaon APMC,Maharashtra,2nd Sort,Local,400,700,500.0,4.0,7.0,5.0,Rs/Quintal,Local Processed Dataset,2026-09-24 17:18:05
2026-04-19,Onion,23.0,Ahilyanagar,Pathardi APMC,Maharashtra,Red,Local,100,875,525.0,1.0,8.75,5.25,Rs/Quintal,Local Processed Dataset,2026-09-24 17:18:05
2026-04-19,Onion,23.0,Ahilyanagar,Rahuri APMC,Maharashtra,Other,Local,100,1050,575.0,1.0,10.5,5.75,Rs/Quintal,Local Processed Dataset,2026-09-24 17:18:05
2026-04-20,Onion,23.0,Ahilyanagar,"Shree Sairaj Krushi Market, Dist Ahilyanagar",Maharashtra,Local,Local,200,1100,650.0,2.0,11.0,6.5,Rs/Quintal,Local Processed Dataset,2026-09-24 17:18:05
2026-04-20,Onion,23.0,Ahilyanagar,Shevgaon APMC,Maharashtra,1st Sort,Local,600,900,800.0,6.0,9.0,8.0,Rs/Quintal,Local Processed Dataset,2026-09-24 17:18:05
2026-04-20,Onion,23.0,Ahilyanagar,Kopargaon APMC,Maharashtra,Other,Local,300,976,750.0,3.0,9.76,7.5,Rs/Quintal,Local Processed Dataset,2026-09-24 17:18:05
2026-04-20,Onion,23.0,Ahilyanagar,Newasa(Ghodegaon) APMC,Maharashtra,Other,Local,200,1100,700.0,2.0,11.0,7.0,Rs/Quintal,Local Processed Dataset,2026-09-24 17:18:05
2026-04-20,Onion,23.0,Ahilyanagar,Shrirampur APMC,Maharashtra,Other,Local,400,1100,850.0,4.0,11.0,8.5,Rs/Quintal,Local Processed Dataset,2026-09-24 17:18:05
2026-04-21,Onion,23.0,Ahilyanagar,Rahuri APMC,Maharashtra,Other,Local,100,1100,600.0,1.0,11.0,6.0,Rs/Quintal,Local Processed Dataset,2026-09-24 17:18:05
2026-04-21,Onion,23.0,Ahilyanagar,Sangamner APMC,Maharashtra,Other,Local,200,1251,725.0,2.0,12.51,7.25,Rs/Quintal,Local Processed Dataset,2026-09-24 17:18:05
2026-04-21,Onion,23.0,Ahilyanagar,"Omchatinya Multi State Agro Purpose Co-Op Society, Dist Ahilyanagar",Maharashtra,Other,Local,100,1250,750.0,1.0,12.5,7.5,Rs/Quintal,Local Processed Dataset,2026-09-24 17:18:05
2026-04-22,Onion,23.0,Ahilyanagar,Kopargaon APMC,Maharashtra,Other,Local,300,1100,725.0,3.0,11.0,7.25,Rs/Quintal,Local Processed Dataset,2026-09-24 17:18:05
2026-04-22,Onion,23.0,Ahilyanagar,Pathardi APMC,Maharashtra,Red,Local,100,900,500.0,1.0,9.0,5.0,Rs/Quintal,Local Processed Dataset,2026-09-24 17:18:05
2026-04-22,Onion,23.0,Ahilyanagar,Newasa(Ghodegaon) APMC,Maharashtra,Other,Local,200,1100,700.0,2.0,11.0,7.0,Rs/Quintal,Local Processed Dataset,2026-09-24 17:18:05
2026-04-22,Onion,23.0,Ahilyanagar,Parner APMC,Maharashtra,Other,Local,150,1200,750.0,1.5,12.0,7.5,Rs/Quintal,Local Processed Dataset,2026-09-24 17:18:05
2026-04-23,Onion,23.0,Ahilyanagar,Shevgaon APMC,Maharashtra,1st Sort,Local,600,900,750.0,6.0,9.0,7.5,Rs/Quintal,Local Processed Dataset,2026-09-24 17:18:05
2026-04-24,Onion,23.0,Ahilyanagar,Sangamner APMC,Maharashtra,Other,Local,151,1311,731.0,1.51,13.11,7.31,Rs/Quintal,Local Processed Dataset,2026-09-24 17:18:05
2026-04-24,Onion,23.0,Ahilyanagar,Parner APMC,Maharashtra,Other,Local,150,1200,775.0,1.5,12.0,7.75,Rs/Quintal,Local Processed Dataset,2026-09-24 17:18:05
2026-04-25,Onion,23.0,Ahilyanagar,Kopargaon APMC,Maharashtra,Other,Local,300,1100,750.0,3.0,11.0,7.5,Rs/Quintal,Local Processed Dataset,2026-09-24 17:18:05
2026-04-25,Onion,23.0,Ahilyanagar,Rahuri(Vambori) APMC,Maharashtra,Other,Local,100,1200,700.0,1.0,12.0,7.0,Rs/Quintal,Local Processed Dataset,2026-09-24 17:18:05
2026-04-25,Onion,23.0,Ahilyanagar,Newasa(Ghodegaon) APMC,Maharashtra,Other,Local,200,1100,700.0,2.0,11.0,7.0,Rs/Quintal,Local Processed Dataset,2026-09-24 17:18:05
2026-04-26,Onion,23.0,Ahilyanagar,"Omchatinya Multi State Agro Purpose Co-Op Society, Dist Ahilyanagar",Maharashtra,Red,Local,100,1200,700.0,1.0,12.0,7.0,Rs/Quintal,Local Processed Dataset,2026-09-24 17:18:05
2026-04-28,Onion,23.0,Ahilyanagar,Sangamner APMC,Maharashtra,Other,Local,200,1411,805.0,2.0,14.11,8.05,Rs/Quintal,Local Processed Dataset,2026-09-24 17:18:05
2026-04-28,Onion,23.0,Ahilyanagar,Shrigonda APMC,Maharashtra,Other,Local,150,1000,800.0,1.5,10.0,8.0,Rs/Quintal,Local Processed Dataset,2026-09-24 17:18:05
2026-04-29,Onion,23.0,Ahilyanagar,Kopargaon APMC,Maharashtra,Other,Local,300,1151,850.0,3.0,11.51,8.5,Rs/Quintal,Local Processed Dataset,2026-09-24 17:18:05
2026-04-29,Onion,23.0,Ahilyanagar,Shrirampur APMC,Maharashtra,Other,Local,500,1050,900.0,5.0,10.5,9.0,Rs/Quintal,Local Processed Dataset,2026-09-24 17:18:05
2026-04-30,Onion,23.0,Ahilyanagar,Akole APMC,Maharashtra,Other,Local,200,1311,1011.0,2.0,13.11,10.11,Rs/Quintal,Local Processed Dataset,2026-09-24 17:18:05
2026-04-30,Onion,23.0,Ahilyanagar,Sangamner APMC,Maharashtra,Other,Local,200,1511,855.0,2.0,15.11,8.55,Rs/Quintal,Local Processed Dataset,2026-09-24 17:18:05
2026-04-30,Onion,23.0,Ahilyanagar,Rahuri(Vambori) APMC,Maharashtra,Other,Local,100,1300,800.0,1.0,13.0,8.0,Rs/Quintal,Local Processed Dataset,2026-09-24 17:18:05
2026-05-01,Onion,23.0,Ahilyanagar,Shrirampur APMC,Maharashtra,Other,Local,450,1050,800.0,4.5,10.5,8.0,Rs/Quintal,Local Processed Dataset,2026-09-24 17:18:05
2026-05-04,Onion,23.0,Ahilyanagar,Kopargaon APMC,Maharashtra,Other,Local,300,1116,850.0,3.0,11.16,8.5,Rs/Quintal,Local Processed Dataset,2026-09-24 17:18:05
2026-05-04,Onion,23.0,Ahilyanagar,Ahilyanagar APMC,Maharashtra,Other,Local,200,1350,850.0,2.0,13.5,8.5,Rs/Quintal,Local Processed Dataset,2026-09-24 17:18:05
2026-05-04,Onion,23.0,Ahilyanagar,Rahuri(Vambori) APMC,Maharashtra,Other,Local,100,1300,800.0,1.0,13.0,8.0,Rs/Quintal,Local Processed Dataset,2026-09-24 17:18:05
2026-05-04,Onion,23.0,Ahilyanagar,Newasa(Ghodegaon) APMC,Maharashtra,Other,Local,300,1300,900.0,3.0,13.0,9.0,Rs/Quintal,Local Processed Dataset,2026-09-24 17:18:05
2026-05-04,Onion,23.0,Ahilyanagar,Shevgaon APMC,Maharashtra,2nd Sort,Local,300,600,475.0,3.0,6.0,4.75,Rs/Quintal,Local Processed Dataset,2026-09-24 17:18:05
2026-05-05,Onion,23.0,Ahilyanagar,Kopargaon APMC,Maharashtra,Other,Local,300,1116,850.0,3.0,11.16,8.5,Rs/Quintal,Local Processed Dataset,2026-09-24 17:18:05
2026-05-05,Onion,23.0,Ahilyanagar,Akole APMC,Maharashtra,Other,Local,250,1501,1100.0,2.5,15.01,11.0,Rs/Quintal,Local Processed Dataset,2026-09-24 17:18:05
2026-05-07,Onion,23.0,Ahilyanagar,Shrigonda APMC,Maharashtra,Other,Local,200,1000,700.0,2.0,10.0,7.0,Rs/Quintal,Local Processed Dataset,2026-09-24 17:18:05
2026-05-07,Onion,23.0,Ahilyanagar,Jamkhed APMC,Maharashtra,Local,Local,100,1200,650.0,1.0,12.0,6.5,Rs/Quintal,Local Processed Dataset,2026-09-24 17:18:05
2026-05-08,Onion,23.0,Ahilyanagar,Rahuri APMC,Maharashtra,Other,Local,100,1400,750.0,1.0,14.0,7.5,Rs/Quintal,Local Processed Dataset,2026-09-24 17:18:05
2026-05-10,Onion,23.0,Ahilyanagar,Shrigonda APMC,Maharashtra,Other,Local,200,1000,700.0,2.0,10.0,7.0,Rs/Quintal,Local Processed Dataset,2026-09-24 17:18:05
2026-05-10,Onion,23.0,Ahilyanagar,Rahuri APMC,Maharashtra,Other,Local,100,1300,700.0,1.0,13.0,7.0,Rs/Quintal,Local Processed Dataset,2026-09-24 17:18:05
2026-05-16,Onion,23.0,Ahilyanagar,Shevgaon APMC,Maharashtra,1st Sort,Local,600,800,700.0,6.0,8.0,7.0,Rs/Quintal,Local Processed Dataset,2026-09-24 17:18:05
2026-05-16,Onion,23.0,Ahilyanagar,Shevgaon APMC,Maharashtra,2nd Sort,Local,300,500,425.0,3.0,5.0,4.25,Rs/Quintal,Local Processed Dataset,2026-09-24 17:18:05
2026-05-16,Onion,23.0,Ahilyanagar,Jamkhed APMC,Maharashtra,Local,Local,100,1100,600.0,1.0,11.0,6.0,Rs/Quintal,Local Processed Dataset,2026-09-24 17:18:05
2026-05-17,Onion,23.0,Ahilyanagar,Rahata APMC,Maharashtra,Other,Local,400,1400,500.0,4.0,14.0,5.0,Rs/Quintal,Local Processed Dataset,2026-09-24 17:18:05
2026-05-18,Onion,23.0,Ahilyanagar,Shevgaon APMC,Maharashtra,1st Sort,Local,100,800,600.0,1.0,8.0,6.0,Rs/Quintal,Local Processed Dataset,2026-09-24 17:18:05
2026-05-18,Onion,23.0,Ahilyanagar,"Shree Sairaj Krushi Market, Dist Ahilyanagar",Maharashtra,Local,Local,100,1510,800.0,1.0,15.1,8.0,Rs/Quintal,Local Processed Dataset,2026-09-24 17:18:05
2026-05-19,Onion,23.0,Ahilyanagar,Jamkhed APMC,Maharashtra,Local,Local,100,1100,600.0,1.0,11.0,6.0,Rs/Quintal,Local Processed Dataset,2026-09-24 17:18:05
2026-05-20,Onion,23.0,Ahilyanagar,Karjat APMC,Maharashtra,Local,Local,300,800,600.0,3.0,8.0,6.0,Rs/Quintal,Local Processed Dataset,2026-09-24 17:18:05
2026-05-22,Onion,23.0,Ahilyanagar,Rahuri APMC,Maharashtra,Other,Local,100,1304,750.0,1.0,13.04,7.5,Rs/Quintal,Local Processed Dataset,2026-09-24 17:18:05
2026-05-24,Onion,23.0,Ahilyanagar,Shrigonda APMC,Maharashtra,Other,Local,300,1000,800.0,3.0,10.0,8.0,Rs/Quintal,Local Processed Dataset,2026-09-24 17:18:05
2026-05-26,Onion,23.0,Ahilyanagar,Shrigonda APMC,Maharashtra,Other,Local,100,850,500.0,1.0,8.5,5.0,Rs/Quintal,Local Processed Dataset,2026-09-24 17:18:05
2026-05-28,Onion,23.0,Ahilyanagar,Shevgaon APMC,Maharashtra,2nd Sort,Local,700,1100,900.0,7.0,11.0,9.0,Rs/Quintal,Local Processed Dataset,2026-09-24 17:18:05
2026-05-30,Onion,23.0,Ahilyanagar,Shevgaon APMC,Maharashtra,Other,Local,200,700,450.0,2.0,7.0,4.5,Rs/Quintal,Local Processed Dataset,2026-09-24 17:18:05
2026-05-30,Onion,23.0,Ahilyanagar,"Shree Sairaj Krushi Market, Dist Ahilyanagar",Maharashtra,Local,Local,200,1800,1000.0,2.0,18.0,10.0,Rs/Quintal,Local Processed Dataset,2026-09-24 17:18:05
2026-05-30,Onion,23.0,Ahilyanagar,Shevgaon APMC,Maharashtra,2nd Sort,Local,800,1300,1100.0,8.0,13.0,11.0,Rs/Quintal,Local Processed Dataset,2026-09-24 17:18:05
2026-05-30,Onion,23.0,Ahilyanagar,Shevgaon APMC,Maharashtra,1st Sort,Local,1400,2000,1750.0,14.0,20.0,17.5,Rs/Quintal,Local Processed Dataset,2026-09-24 17:18:05
2026-05-30,Onion,23.0,Ahilyanagar,Jamkhed APMC,Maharashtra,Local,Local,100,1500,800.0,1.0,15.0,8.0,Rs/Quintal,Local Processed Dataset,2026-09-24 17:18:05
2026-05-31,Onion,23.0,Ahilyanagar,Rahuri APMC,Maharashtra,Other,Local,100,1900,1000.0,1.0,19.0,10.0,Rs/Quintal,Local Processed Dataset,2026-09-24 17:18:05
2026-05-31,Onion,23.0,Ahilyanagar,Rahata APMC,Maharashtra,Other,Local,250,2100,1200.0,2.5,21.0,12.0,Rs/Quintal,Local Processed Dataset,2026-09-24 17:18:05
2026-06-01,Tomato,78.0,Nashik,Pimpalgaon Baswant APMC,Maharashtra,Other,Local,400,2755,2155.0,4.0,27.55,21.55,Rs/Quintal,Local Processed Dataset,2026-09-24 17:18:05
2026-06-04,Tomato,78.0,Nashik,AGRICULTURE PRODUCE MARKET COMITEE CHANDWAD,Maharashtra,Local,Local,500,2500,1750.0,5.0,25.0,17.5,Rs/Quintal,Local Processed Dataset,2026-09-24 17:18:05
2026-06-05,Tomato,78.0,Nashik,Pimpalgaon Baswant APMC,Maharashtra,Other,Local,400,2605,2055.0,4.0,26.05,20.55,Rs/Quintal,Local Processed Dataset,2026-09-24 17:18:05
2026-06-07,Tomato,78.0,Nashik,Pimpalgaon Baswant APMC,Maharashtra,Other,Local,400,2555,2005.0,4.0,25.55,20.05,Rs/Quintal,Local Processed Dataset,2026-09-24 17:18:05
2026-06-11,Tomato,78.0,Nashik,Nasik APMC,Maharashtra,Other,Local,300,3500,2125.0,3.0,35.0,21.25,Rs/Quintal,Local Processed Dataset,2026-09-24 17:18:05
2026-06-11,Tomato,78.0,Nashik,AGRICULTURE PRODUCE MARKET COMITEE CHANDWAD,Maharashtra,Local,Local,1400,3055,2250.0,14.0,30.55,22.5,Rs/Quintal,Local Processed Dataset,2026-09-24 17:18:05
2026-06-12,Tomato,78.0,Nashik,Pimpalgaon Baswant APMC,Maharashtra,Other,Local,400,3755,3105.0,4.0,37.55,31.05,Rs/Quintal,Local Processed Dataset,2026-09-24 17:18:05
2026-06-14,Tomato,78.0,Nashik,Nasik APMC,Maharashtra,Other,Local,450,3250,1850.0,4.5,32.5,18.5,Rs/Quintal,Local Processed Dataset,2026-09-24 17:18:05
2026-06-15,Tomato,78.0,Nashik,Pimpalgaon Baswant APMC,Maharashtra,Other,Local,400,3255,2655.0,4.0,32.55,26.55,Rs/Quintal,Local Processed Dataset,2026-09-24 17:18:05
2026-06-15,Tomato,78.0,Nashik,Nasik APMC,Maharashtra,Other,Local,450,3500,1975.0,4.5,35.0,19.75,Rs/Quintal,Local Processed Dataset,2026-09-24 17:18:05
2026-06-18,Tomato,78.0,Nashik,Pimpalgaon Baswant APMC,Maharashtra,Other,Local,505,4375,3605.0,5.05,43.75,36.05,Rs/Quintal,Local Processed Dataset,2026-09-24 17:18:05
2026-06-18,Tomato,78.0,Nashik,Ghoti APMC,Maharashtra,Other,Local,2000,4400,3500.0,20.0,44.0,35.0,Rs/Quintal,Local Processed Dataset,2026-09-24 17:18:05
2026-06-19,Tomato,78.0,Nashik,AGRICULTURE PRODUCE MARKET COMITEE CHANDWAD,Maharashtra,Local,Local,1000,3125,2250.0,10.0,31.25,22.5,Rs/Quintal,Local Processed Dataset,2026-09-24 17:18:05
2026-06-22,Tomato,78.0,Nashik,Pimpalgaon Baswant APMC,Maharashtra,Other,Local,505,6005,4005.0,5.05,60.05,40.05,Rs/Quintal,Local Processed Dataset,2026-09-24 17:18:05
2026-06-22,Tomato,78.0,Nashik,Nasik APMC,Maharashtra,Other,Local,400,3625,2000.0,4.0,36.25,20.0,Rs/Quintal,Local Processed Dataset,2026-09-24 17:18:05
2026-06-23,Tomato,78.0,Nashik,Ghoti APMC,Maharashtra,Other,Local,2000,4450,3500.0,20.0,44.5,35.0,Rs/Quintal,Local Processed Dataset,2026-09-24 17:18:05
2026-06-23,Tomato,78.0,Nashik,Nasik APMC,Maharashtra,Other,Local,400,3555,1950.0,4.0,35.55,19.5,Rs/Quintal,Local Processed Dataset,2026-09-24 17:18:05
2026-06-24,Tomato,78.0,Nashik,Nasik APMC,Maharashtra,Other,Local,400,3250,1875.0,4.0,32.5,18.75,Rs/Quintal,Local Processed Dataset,2026-09-24 17:18:05
2026-06-25,Tomato,78.0,Nashik,Pimpalgaon Baswant APMC,Maharashtra,Other,Local,505,3755,3055.0,5.05,37.55,30.55,Rs/Quintal,Local Processed Dataset,2026-09-24 17:18:05
2026-06-28,Tomato,78.0,Nashik,Nasik APMC,Maharashtra,Other,Local,350,2555,1250.0,3.5,25.55,12.5,Rs/Quintal,Local Processed Dataset,2026-09-24 17:18:05
2026-06-29,Tomato,78.0,Nashik,Nasik APMC,Maharashtra,Other,Local,350,2500,1150.0,3.5,25.0,11.5,Rs/Quintal,Local Processed Dataset,2026-09-24 17:18:05
2026-07-01,Tomato,78.0,Nashik,Pimpalgaon Baswant APMC,Maharashtra,Other,Local,250,2505,1755.0,2.5,25.05,17.55,Rs/Quintal,Local Processed Dataset,2026-09-24 17:18:05
2026-07-04,Tomato,78.0,Nashik,AGRICULTURE PRODUCE MARKET COMITEE CHANDWAD,Maharashtra,Local,Local,1600,4300,3500.0,16.0,43.0,35.0,Rs/Quintal,Local Processed Dataset,2026-09-24 17:18:05
2026-07-13,Tomato,78.0,Nashik,Ghoti APMC,Maharashtra,Other,Local,1800,1900,1850.0,18.0,19.0,18.5,Rs/Quintal,Local Processed Dataset,2026-09-24 17:18:05
2026-07-13,Tomato,78.0,Nashik,Nasik APMC,Maharashtra,Other,Local,350,2250,1350.0,3.5,22.5,13.5,Rs/Quintal,Local Processed Dataset,2026-09-24 17:18:05
2026-07-14,Tomato,78.0,Nashik,Pimpalgaon Baswant APMC,Maharashtra,Other,Local,250,2775,2105.0,2.5,27.75,21.05,Rs/Quintal,Local Processed Dataset,2026-09-24 17:18:05
2026-07-15,Tomato,78.0,Nashik,Ghoti APMC,Maharashtra,Other,Local,2000,2200,2100.0,20.0,22.0,21.0,Rs/Quintal,Local Processed Dataset,2026-09-24 17:18:05
2026-07-16,Tomato,78.0,Nashik,AGRICULTURE PRODUCE MARKET COMITEE CHANDWAD,Maharashtra,Local,Local,500,2500,1750.0,5.0,25.0,17.5,Rs/Quintal,Local Processed Dataset,2026-09-24 17:18:05
2026-07-19,Tomato,78.0,Nashik,Nasik APMC,Maharashtra,Other,Local,250,2050,1050.0,2.5,20.5,10.5,Rs/Quintal,Local Processed Dataset,2026-09-24 17:18:05
2026-07-20,Tomato,78.0,Nashik,Pimpalgaon Baswant APMC,Maharashtra,Other,Local,250,3225,2655.0,2.5,32.25,26.55,Rs/Quintal,Local Processed Dataset,2026-09-24 17:18:05
2026-07-27,Tomato,78.0,Nashik,Pimpalgaon Baswant APMC,Maharashtra,Other,Local,250,3255,2655.0,2.5,32.55,26.55,Rs/Quintal,Local Processed Dataset,2026-09-24 17:18:05
2026-07-28,Tomato,78.0,Nashik,Nasik APMC,Maharashtra,Other,Local,300,2750,1375.0,3.0,27.5,13.75,Rs/Quintal,Local Processed Dataset,2026-09-24 17:18:05
2026-07-28,Tomato,78.0,Nashik,Pimpalgaon Baswant APMC,Maharashtra,Other,Local,250,3105,2505.0,2.5,31.05,25.05,Rs/Quintal,Local Processed Dataset,2026-09-24 17:18:05
2026-07-30,Tomato,78.0,Nashik,AGRICULTURE PRODUCE MARKET COMITEE CHANDWAD,Maharashtra,Local,Local,500,2900,2000.0,5.0,29.0,20.0,Rs/Quintal,Local Processed Dataset,2026-09-24 17:18:05
2026-07-31,Tomato,78.0,Nashik,Nasik APMC,Maharashtra,Other,Local,300,2750,1400.0,3.0,27.5,14.0,Rs/Quintal,Local Processed Dataset,2026-09-24 17:18:05
2026-07-31,Tomato,78.0,Nashik,AGRICULTURE PRODUCE MARKET COMITEE CHANDWAD,Maharashtra,Local,Local,500,2150,1625.0,5.0,21.5,16.25,Rs/Quintal,Local Processed Dataset,2026-09-24 17:18:05
2026-08-01,Onion,23.0,Ahilyanagar,Newasa(Ghodegaon),Maharashtra,Unhali,Local,500,2500,2000.0,5.0,25.0,20.0,Rs/Quintal,Local Processed Dataset,2026-09-24 17:18:05
2026-08-01,Onion,23.0,Ahilyanagar,Rahuri(Vambori),Maharashtra,Unhali,Local,200,2700,2000.0,2.0,27.0,20.0,Rs/Quintal,Local Processed Dataset,2026-09-24 17:18:05
2026-08-02,Onion,23.0,Ahilyanagar,APMC Newasa,Maharashtra,Unhali,Local,700,2500,2000.0,7.0,25.0,20.0,Rs/Quintal,Local Processed Dataset,2026-09-24 17:18:05
2026-08-02,Onion,23.0,Pune,APMC Pune,Maharashtra,Local,Local,1100,2700,1900.0,11.0,27.0,19.0,Rs/Quintal,Local Processed Dataset,2026-09-24 17:18:05
2026-08-02,Tomato,78.0,Nashik,Pimpalgaon Baswant APMC,Maharashtra,Other,Local,250,3005,2405.0,2.5,30.05,24.05,Rs/Quintal,Local Processed Dataset,2026-09-24 17:18:05
2026-08-02,Tomato,78.0,Nashik,APMC Nasik,Maharashtra,Other,Local,350,2700,1550.0,3.5,27.0,15.5,Rs/Quintal,Local Processed Dataset,2026-09-24 17:18:05
2026-08-02,Tomato,78.0,Nashik,APMC Pimpalgaon Baswant,Maharashtra,Other,Local,250,3005,2405.0,2.5,30.05,24.05,Rs/Quintal,Local Processed Dataset,2026-09-24 17:18:05
2026-08-02,Tomato,78.0,Pune,Pune(Manjri),Maharashtra,Other,Local,1500,2500,2000.0,15.0,25.0,20.0,Rs/Quintal,Local Processed Dataset,2026-09-24 17:18:05
2026-08-03,Onion,23.0,Ahilyanagar,Rahuri(Vambori),Maharashtra,Unhali,Local,200,2800,2100.0,2.0,28.0,21.0,Rs/Quintal,Local Processed Dataset,2026-09-24 17:18:05
2026-08-03,Onion,23.0,Ahilyanagar,"Shree Sairaj Krushi Market, Dist Ahilyanagar",Maharashtra,Local,Local,600,2700,1800.0,6.0,27.0,18.0,Rs/Quintal,Local Processed Dataset,2026-09-24 17:18:05
2026-08-03,Onion,23.0,Nashik,"Malharshree Khajgi Krushi Utpann Bajar, Chandanpuri Tal Malegaon, Nashik",Maharashtra,Other,Local,564,2212,1954.0,5.64,22.12,19.54,Rs/Quintal,Local Processed Dataset,2026-09-24 17:18:05
2026-08-04,Onion,23.0,Chattrapati Sambhajinagar,APMC Lasur Station,Maharashtra,Other,Local,300,2427,1800.0,3.0,24.27,18.0,Rs/Quintal,Local Processed Dataset,2026-09-24 17:18:05
2026-08-04,Onion,23.0,Pune,Junnar(Alephata),Maharashtra,Chinchwad,Local,1100,2800,2200.0,11.0,28.0,22.0,Rs/Quintal,Local Processed Dataset,2026-09-24 17:18:05
2026-08-04,Onion,23.0,Satara,APMC Satara,Maharashtra,Other,Local,1000,2500,1750.0,10.0,25.0,17.5,Rs/Quintal,Local Processed Dataset,2026-09-24 17:18:05
2026-08-04,Onion,23.0,Thane,APMC Kalyan,Maharashtra,1st Sort,Local,2200,2600,2400.0,22.0,26.0,24.0,Rs/Quintal,Local Processed Dataset,2026-09-24 17:18:05
2026-08-05,Onion,23.0,Ahilyanagar,APMC Sangamner,Maharashtra,Unhali,Local,500,2951,1725.0,5.0,29.51,17.25,Rs/Quintal,Local Processed Dataset,2026-09-24 17:18:05
2026-08-05,Onion,23.0,Ahilyanagar,"Shree Sairaj Krushi Market, Dist Ahilyanagar",Maharashtra,Local,Local,700,2700,1700.0,7.0,27.0,17.0,Rs/Quintal,Local Processed Dataset,2026-09-24 17:18:05
2026-08-05,Onion,23.0,Chattrapati Sambhajinagar,APMC Chattrapati Sambhajinagar,Maharashtra,Other,Local,700,2500,1600.0,7.0,25.0,16.0,Rs/Quintal,Local Processed Dataset,2026-09-24 17:18:05
2026-08-05,Onion,23.0,Nashik,Shivsiddha Govind Producer Company Ltd Sanchalit Khajgi Krushi Utpann Bajar Samati-Abhona-Kalwan,Maharashtra,Other,Local,600,3611,2260.0,6.0,36.11,22.6,Rs/Quintal,Local Processed Dataset,2026-09-24 17:18:05
2026-08-05,Onion,23.0,Pune,APMC Pune,Maharashtra,Local,Local,1200,2800,2000.0,12.0,28.0,20.0,Rs/Quintal,Local Processed Dataset,2026-09-24 17:18:05
2026-08-05,Tomato,78.0,Nashik,Ghoti APMC,Maharashtra,Other,Local,1900,1900,1900.0,19.0,19.0,19.0,Rs/Quintal,Local Processed Dataset,2026-09-24 17:18:05
2026-08-05,Tomato,78.0,Nashik,Pimpalgaon Baswant APMC,Maharashtra,Other,Local,250,2505,1905.0,2.5,25.05,19.05,Rs/Quintal,Local Processed Dataset,2026-09-24 17:18:05
2026-08-05,Tomato,78.0,Nashik,APMC Ghoti,Maharashtra,Other,Local,1900,1900,1900.0,19.0,19.0,19.0,Rs/Quintal,Local Processed Dataset,2026-09-24 17:18:05
2026-08-05,Tomato,78.0,Nashik,APMC Pimpalgaon Baswant,Maharashtra,Other,Local,250,2505,1905.0,2.5,25.05,19.05,Rs/Quintal,Local Processed Dataset,2026-09-24 17:18:05
2026-08-06,Onion,23.0,Ahilyanagar,Rahuri(Vambori),Maharashtra,Unhali,Local,200,2700,2100.0,2.0,27.0,21.0,Rs/Quintal,Local Processed Dataset,2026-09-24 17:18:05
2026-08-06,Onion,23.0,Ahilyanagar,APMC Shevgaon,Maharashtra,1st Sort,Local,2400,3000,2700.0,24.0,30.0,27.0,Rs/Quintal,Local Processed Dataset,2026-09-24 17:18:05
2026-08-06,Onion,23.0,Chattrapati Sambhajinagar,APMC Chattrapati Sambhajinagar,Maharashtra,Other,Local,700,2400,1550.0,7.0,24.0,15.5,Rs/Quintal,Local Processed Dataset,2026-09-24 17:18:05
2026-08-06,Onion,23.0,Dhule,"Pratap Nana Mahale Khajgi Krushi Uttpana Bazar, Samati-Dhule",Maharashtra,Other,Local,150,2500,1955.43,1.5,25.0,19.55,Rs/Quintal,Local Processed Dataset,2026-09-24 17:18:05
2026-08-06,Onion,23.0,Pune,Junnar(Otur),Maharashtra,Chinchwad,Local,1000,2900,2400.0,10.0,29.0,24.0,Rs/Quintal,Local Processed Dataset,2026-09-24 17:18:05
2026-08-06,Onion,23.0,Pune,APMC Manchar,Maharashtra,Other,Local,1900,3110,2550.0,19.0,31.1,25.5,Rs/Quintal,Local Processed Dataset,2026-09-24 17:18:05
2026-08-06,Tomato,78.0,Nashik,Ghoti APMC,Maharashtra,Other,Local,1900,2000,1950.0,19.0,20.0,19.5,Rs/Quintal,Local Processed Dataset,2026-09-24 17:18:05
2026-08-06,Tomato,78.0,Nashik,APMC Pimpalgaon Baswant,Maharashtra,Other,Local,250,2405,1755.0,2.5,24.05,17.55,Rs/Quintal,Local Processed Dataset,2026-09-24 17:18:05
2026-08-07,Onion,23.0,Dhule,"Pratap Nana Mahale Khajgi Krushi Uttpana Bazar, Samati-Dhule",Maharashtra,Other,Local,200,2500,1932.35,2.0,25.0,19.32,Rs/Quintal,Local Processed Dataset,2026-09-24 17:18:05
2026-08-07,Onion,23.0,Pune,APMC Indapur,Maharashtra,Red,Local,500,3200,1400.0,5.0,32.0,14.0,Rs/Quintal,Local Processed Dataset,2026-09-24 17:18:05
2026-08-07,Onion,23.0,Pune,Pune(Pimpri),Maharashtra,Local,Local,1000,2500,1750.0,10.0,25.0,17.5,Rs/Quintal,Local Processed Dataset,2026-09-24 17:18:05
2026-08-07,Tomato,78.0,Nashik,AGRICULTURE PRODUCE MARKET COMITEE CHANDWAD,Maharashtra,Local,Local,750,2255,1625.0,7.5,22.55,16.25,Rs/Quintal,Local Processed Dataset,2026-09-24 17:18:05
2026-08-07,Tomato,78.0,Nashik,APMC Ghoti,Maharashtra,Other,Local,2000,2000,2000.0,20.0,20.0,20.0,Rs/Quintal,Local Processed Dataset,2026-09-24 17:18:05
2026-08-07,Tomato,78.0,Nashik,APMC Chandwad,Maharashtra,Local,Local,750,2255,1625.0,7.5,22.55,16.25,Rs/Quintal,Local Processed Dataset,2026-09-24 17:18:05
2026-08-08,Onion,23.0,Ahilyanagar,APMC Shevgaon,Maharashtra,1st Sort,Local,1800,3100,2500.0,18.0,31.0,25.0,Rs/Quintal,Local Processed Dataset,2026-09-24 17:18:05
2026-08-08,Onion,23.0,Ahilyanagar,APMC Shevgaon,Maharashtra,2nd Sort,Local,1200,1700,1500.0,12.0,17.0,15.0,Rs/Quintal,Local Processed Dataset,2026-09-24 17:18:05
2026-08-08,Onion,23.0,Ahilyanagar,APMC Shevgaon,Maharashtra,Other,Local,800,1100,900.0,8.0,11.0,9.0,Rs/Quintal,Local Processed Dataset,2026-09-24 17:18:05
2026-08-08,Onion,23.0,Nashik,Shivsiddha Govind Producer Company Ltd Sanchalit Khajgi Krushi Utpann Bajar Samati-Abhona-Kalwan,Maharashtra,Other,Local,500,3251,2280.0,5.0,32.51,22.8,Rs/Quintal,Local Processed Dataset,2026-09-24 17:18:05
2026-08-08,Onion,23.0,Pune,Pune(Manjri),Maharashtra,Local,Local,1000,2200,1800.0,10.0,22.0,18.0,Rs/Quintal,Local Processed Dataset,2026-09-24 17:18:05
2026-08-08,Onion,23.0,Pune,Khed(Chakan),Maharashtra,Other,Local,1000,2650,2000.0,10.0,26.5,20.0,Rs/Quintal,Local Processed Dataset,2026-09-24 17:18:05
2026-08-08,Tomato,78.0,Nashik,APMC Pimpalgaon Baswant,Maharashtra,Other,Local,250,2105,1555.0,2.5,21.05,15.55,Rs/Quintal,Local Processed Dataset,2026-09-24 17:18:05
2026-08-08,Tomato,78.0,Nashik,APMC Ghoti,Maharashtra,Other,Local,2000,2000,2000.0,20.0,20.0,20.0,Rs/Quintal,Local Processed Dataset,2026-09-24 17:18:05
2026-08-09,Onion,23.0,Ahilyanagar,"Omchatinya Multi State Agro Purpose Co-Op Society, Dist Ahilyanagar",Maharashtra,Other,Local,500,3300,2250.0,5.0,33.0,22.5,Rs/Quintal,Local Processed Dataset,2026-09-24 17:18:05
2026-08-09,Onion,23.0,Solapur,APMC Akluj,Maharashtra,Other,Local,500,2500,1750.0,5.0,25.0,17.5,Rs/Quintal,Local Processed Dataset,2026-09-24 17:18:05
2026-08-09,Tomato,78.0,Nashik,Nasik APMC,Maharashtra,Other,Local,250,1500,1055.0,2.5,15.0,10.55,Rs/Quintal,Local Processed Dataset,2026-09-24 17:18:05
2026-08-09,Tomato,78.0,Nashik,APMC Pimpalgaon Baswant,Maharashtra,Other,Local,250,1755,1400.0,2.5,17.55,14.0,Rs/Quintal,Local Processed Dataset,2026-09-24 17:18:05
2026-08-09,Tomato,78.0,Nashik,APMC Nasik,Maharashtra,Other,Local,250,1500,1055.0,2.5,15.0,10.55,Rs/Quintal,Local Processed Dataset,2026-09-24 17:18:05
2026-08-10,Onion,23.0,Ahilyanagar,APMC Shrirampur,Maharashtra,Unhali,Local,900,3100,2250.0,9.0,31.0,22.5,Rs/Quintal,Local Processed Dataset,2026-09-24 17:18:05
2026-08-10,Onion,23.0,Ahilyanagar,APMC Shevgaon,Maharashtra,Other,Local,700,1300,1150.0,7.0,13.0,11.5,Rs/Quintal,Local Processed Dataset,2026-09-24 17:18:05
2026-08-10,Onion,23.0,Dhule,"Pratap Nana Mahale Khajgi Krushi Uttpana Bazar, Samati-Dhule",Maharashtra,White,Local,2100,2100,2100.0,21.0,21.0,21.0,Rs/Quintal,Local Processed Dataset,2026-09-24 17:18:05
2026-08-10,Onion,23.0,Pune,APMC Khed,Maharashtra,Fursungi,Local,1000,2500,1800.0,10.0,25.0,18.0,Rs/Quintal,Local Processed Dataset,2026-09-24 17:18:05
2026-08-10,Onion,23.0,Pune,APMC Pune,Maharashtra,Local,Local,1100,2700,1800.0,11.0,27.0,18.0,Rs/Quintal,Local Processed Dataset,2026-09-24 17:18:05
2026-08-10,Onion,23.0,Pune,Pune(Manjri),Maharashtra,Local,Local,1300,2200,1800.0,13.0,22.0,18.0,Rs/Quintal,Local Processed Dataset,2026-09-24 17:18:05
2026-08-10,Onion,23.0,Pune,APMC Manchar,Maharashtra,Other,Local,1800,3000,2450.0,18.0,30.0,24.5,Rs/Quintal,Local Processed Dataset,2026-09-24 17:18:05
2026-08-10,Tomato,78.0,Nashik,APMC Pimpalgaon Baswant,Maharashtra,Other,Local,250,2205,1755.0,2.5,22.05,17.55,Rs/Quintal,Local Processed Dataset,2026-09-24 17:18:05
2026-08-10,Tomato,78.0,Nashik,Pimpalgaon Baswant APMC,Maharashtra,Other,Local,250,2205,1755.0,2.5,22.05,17.55,Rs/Quintal,Local Processed Dataset,2026-09-24 17:18:05
2026-08-11,Onion,23.0,Ahilyanagar,APMC Akole,Maharashtra,Unhali,Local,651,3000,2251.0,6.51,30.0,22.51,Rs/Quintal,Local Processed Dataset,2026-09-24 17:18:05
2026-08-11,Onion,23.0,Ahilyanagar,APMC Kopargaon,Maharashtra,Unhali,Local,1000,2728,2400.0,10.0,27.28,24.0,Rs/Quintal,Local Processed Dataset,2026-09-24 17:18:05
2026-08-11,Onion,23.0,Ahilyanagar,APMC Rahuri,Maharashtra,Other,Local,200,3500,1850.0,2.0,35.0,18.5,Rs/Quintal,Local Processed Dataset,2026-09-24 17:18:05
2026-08-11,Onion,23.0,Pune,APMC Indapur,Maharashtra,Red,Local,500,2600,1400.0,5.0,26.0,14.0,Rs/Quintal,Local Processed Dataset,2026-09-24 17:18:05
2026-08-11,Onion,23.0,Pune,APMC Khed,Maharashtra,Fursungi,Local,1100,2500,1800.0,11.0,25.0,18.0,Rs/Quintal,Local Processed Dataset,2026-09-24 17:18:05
2026-08-11,Onion,23.0,Thane,APMC Kalyan,Maharashtra,1st Sort,Local,2400,2500,2450.0,24.0,25.0,24.5,Rs/Quintal,Local Processed Dataset,2026-09-24 17:18:05
2026-08-11,Tomato,78.0,Thane,APMC Kalyan,Maharashtra,Other,Local,500,600,550.0,5.0,6.0,5.5,Rs/Quintal,Local Processed Dataset,2026-09-24 17:18:05
2026-08-12,Onion,23.0,Ahilyanagar,APMC Sangamner,Maharashtra,Unhali,Local,500,3500,2000.0,5.0,35.0,20.0,Rs/Quintal,Local Processed Dataset,2026-09-24 17:18:05
2026-08-12,Onion,23.0,Chandrapur,Chandrapur(Ganjwad),Maharashtra,Other,Local,3000,4000,3500.0,30.0,40.0,35.0,Rs/Quintal,Local Processed Dataset,2026-09-24 17:18:05
2026-08-12,Onion,23.0,Kolhapur,APMC Kolhapur,Maharashtra,Other,Local,600,3200,2000.0,6.0,32.0,20.0,Rs/Quintal,Local Processed Dataset,2026-09-24 17:18:05
2026-08-12,Onion,23.0,Pune,Khed(Chakan),Maharashtra,Other,Local,1000,2700,2200.0,10.0,27.0,22.0,Rs/Quintal,Local Processed Dataset,2026-09-24 17:18:05
2026-08-12,Onion,23.0,Pune,APMC Khed,Maharashtra,Fursungi,Local,1200,2500,1800.0,12.0,25.0,18.0,Rs/Quintal,Local Processed Dataset,2026-09-24 17:18:05
2026-08-12,Onion,23.0,Pune,Pune(Pimpri),Maharashtra,Local,Local,1500,2500,2000.0,15.0,25.0,20.0,Rs/Quintal,Local Processed Dataset,2026-09-24 17:18:05
2026-08-12,Onion,23.0,Thane,APMC Kalyan,Maharashtra,1st Sort,Local,2400,2500,2450.0,24.0,25.0,24.5,Rs/Quintal,Local Processed Dataset,2026-09-24 17:18:05
2026-08-12,Onion,23.0,Thane,APMC Kalyan,Maharashtra,2nd Sort,Local,1800,2000,1900.0,18.0,20.0,19.0,Rs/Quintal,Local Processed Dataset,2026-09-24 17:18:05
2026-08-12,Tomato,78.0,Nashik,APMC Pimpalgaon Baswant,Maharashtra,Other,Local,250,2255,1755.0,2.5,22.55,17.55,Rs/Quintal,Local Processed Dataset,2026-09-24 17:18:05
2026-08-12,Tomato,78.0,Thane,APMC Kalyan,Maharashtra,Other,Local,500,600,550.0,5.0,6.0,5.5,Rs/Quintal,Local Processed Dataset,2026-09-24 17:18:05
2026-08-13,Onion,23.0,Ahilyanagar,APMC Akole,Maharashtra,Unhali,Local,701,3401,2601.0,7.01,34.01,26.01,Rs/Quintal,Local Processed Dataset,2026-09-24 17:18:05
2026-08-13,Onion,23.0,Ahilyanagar,APMC Sangamner,Maharashtra,Unhali,Local,500,3500,2000.0,5.0,35.0,20.0,Rs/Quintal,Local Processed Dataset,2026-09-24 17:18:05
2026-08-13,Onion,23.0,Ahilyanagar,Rahuri(Vambori),Maharashtra,Unhali,Local,500,3500,2500.0,5.0,35.0,25.0,Rs/Quintal,Local Processed Dataset,2026-09-24 17:18:05
2026-08-13,Onion,23.0,Ahilyanagar,APMC Shevgaon,Maharashtra,Other,Local,700,1700,1300.0,7.0,17.0,13.0,Rs/Quintal,Local Processed Dataset,2026-09-24 17:18:05
2026-08-13,Onion,23.0,Chandrapur,Chandrapur(Ganjwad),Maharashtra,Other,Local,2500,4000,3000.0,25.0,40.0,30.0,Rs/Quintal,Local Processed Dataset,2026-09-24 17:18:05
2026-08-13,Onion,23.0,Nagpur,APMC Nagpur,Maharashtra,White,Local,3000,3500,3375.0,30.0,35.0,33.75,Rs/Quintal,Local Processed Dataset,2026-09-24 17:18:05
2026-08-13,Onion,23.0,Pune,APMC Indapur,Maharashtra,Red,Local,700,2500,1400.0,7.0,25.0,14.0,Rs/Quintal,Local Processed Dataset,2026-09-24 17:18:05
2026-08-13,Onion,23.0,Pune,APMC Junnar,Maharashtra,Unhali,Local,1300,3500,2700.0,13.0,35.0,27.0,Rs/Quintal,Local Processed Dataset,2026-09-24 17:18:05
2026-08-13,Onion,23.0,Pune,Khed(Chakan),Maharashtra,Other,Local,1000,2800,2300.0,10.0,28.0,23.0,Rs/Quintal,Local Processed Dataset,2026-09-24 17:18:05
2026-08-13,Onion,23.0,Pune,APMC Manchar,Maharashtra,Other,Local,2900,4110,3550.0,29.0,41.1,35.5,Rs/Quintal,Local Processed Dataset,2026-09-24 17:18:05
2026-08-13,Onion,23.0,Thane,APMC Kalyan,Maharashtra,1st Sort,Local,2200,2400,2300.0,22.0,24.0,23.0,Rs/Quintal,Local Processed Dataset,2026-09-24 17:18:05
2026-08-13,Tomato,78.0,Nashik,Nasik APMC,Maharashtra,Other,Local,100,2000,1300.0,1.0,20.0,13.0,Rs/Quintal,Local Processed Dataset,2026-09-24 17:18:05
2026-08-13,Tomato,78.0,Nashik,Pimpalgaon Baswant APMC,Maharashtra,Other,Local,250,2205,1905.0,2.5,22.05,19.05,Rs/Quintal,Local Processed Dataset,2026-09-24 17:18:05
2026-08-14,Onion,23.0,Akola,APMC Akola,Maharashtra,Other,Local,1000,3000,2000.0,10.0,30.0,20.0,Rs/Quintal,Local Processed Dataset,2026-09-24 17:18:05
2026-08-14,Onion,23.0,Dhule,"Janata Agri Market (DLS Agro Infrastructure Pvt Ltd), Dist Dhule",Maharashtra,Other,Local,700,2100,1400.0,7.0,21.0,14.0,Rs/Quintal,Local Processed Dataset,2026-09-24 17:18:05
2026-08-14,Onion,23.0,Pune,Junnar(Alephata),Maharashtra,Chinchwad,Local,1500,3800,2500.0,15.0,38.0,25.0,Rs/Quintal,Local Processed Dataset,2026-09-24 17:18:05
2026-08-14,Onion,23.0,Pune,Pune(Khadiki),Maharashtra,Local,Local,700,1300,1000.0,7.0,13.0,10.0,Rs/Quintal,Local Processed Dataset,2026-09-24 17:18:05
2026-08-14,Onion,23.0,Solapur,APMC Akluj,Maharashtra,Other,Local,400,3200,2200.0,4.0,32.0,22.0,Rs/Quintal,Local Processed Dataset,2026-09-24 17:18:05
2026-08-14,Tomato,78.0,Nashik,Pimpalgaon Baswant APMC,Maharashtra,Other,Local,250,2405,1855.0,2.5,24.05,18.55,Rs/Quintal,Local Processed Dataset,2026-09-24 17:18:05
2026-08-14,Tomato,78.0,Nashik,APMC Chandwad,Maharashtra,Local,Local,500,1925,1500.0,5.0,19.25,15.0,Rs/Quintal,Local Processed Dataset,2026-09-24 17:18:05
2026-08-15,Onion,23.0,Ahilyanagar,APMC Ahilyanagar,Maharashtra,Unhali,Local,700,3600,2150.0,7.0,36.0,21.5,Rs/Quintal,Local Processed Dataset,2026-09-24 17:18:05
2026-08-15,Onion,23.0,Ahilyanagar,APMC Shevgaon,Maharashtra,Other,Local,800,1900,1400.0,8.0,19.0,14.0,Rs/Quintal,Local Processed Dataset,2026-09-24 17:18:05
2026-08-15,Onion,23.0,Sangli,APMC Vita,Maharashtra,Other,Local,2500,3000,2800.0,25.0,30.0,28.0,Rs/Quintal,Local Processed Dataset,2026-09-24 17:18:05
2026-08-15,Tomato,78.0,Nashik,APMC Pimpalgaon Baswant,Maharashtra,Other,Local,250,2505,1905.0,2.5,25.05,19.05,Rs/Quintal,Local Processed Dataset,2026-09-24 17:18:05
2026-08-16,Onion,23.0,Ahilyanagar,APMC Rahuri,Maharashtra,Other,Local,500,3800,2150.0,5.0,38.0,21.5,Rs/Quintal,Local Processed Dataset,2026-09-24 17:18:05
2026-08-16,Onion,23.0,Pune,APMC Khed,Maharashtra,Fursungi,Local,1500,3600,2500.0,15.0,36.0,25.0,Rs/Quintal,Local Processed Dataset,2026-09-24 17:18:05
2026-08-16,Onion,23.0,Pune,Pune(Khadiki),Maharashtra,Local,Local,1000,1400,1200.0,10.0,14.0,12.0,Rs/Quintal,Local Processed Dataset,2026-09-24 17:18:05
2026-08-16,Onion,23.0,Satara,APMC Satara,Maharashtra,Other,Local,1000,2500,1750.0,10.0,25.0,17.5,Rs/Quintal,Local Processed Dataset,2026-09-24 17:18:05
2026-08-16,Tomato,78.0,Nashik,Nasik APMC,Maharashtra,Other,Local,250,2000,1250.0,2.5,20.0,12.5,Rs/Quintal,Local Processed Dataset,2026-09-24 17:18:05
2026-08-16,Tomato,78.0,Thane,APMC Kalyan,Maharashtra,Other,Local,400,600,500.0,4.0,6.0,5.0,Rs/Quintal,Local Processed Dataset,2026-09-24 17:18:05
2026-08-17,Onion,23.0,Ahilyanagar,APMC Shrirampur,Maharashtra,Unhali,Local,1300,3800,2950.0,13.0,38.0,29.5,Rs/Quintal,Local Processed Dataset,2026-09-24 17:18:05
2026-08-17,Onion,23.0,Chattrapati Sambhajinagar,APMC Chattrapati Sambhajinagar,Maharashtra,Other,Local,1400,3500,2450.0,14.0,35.0,24.5,Rs/Quintal,Local Processed Dataset,2026-09-24 17:18:05
2026-08-17,Onion,23.0,Kolhapur,APMC Kolhapur,Maharashtra,Other,Local,1000,4000,2300.0,10.0,40.0,23.0,Rs/Quintal,Local Processed Dataset,2026-09-24 17:18:05
2026-08-17,Onion,23.0,Pune,Junnar(Alephata),Maharashtra,Chinchwad,Local,2000,4200,3100.0,20.0,42.0,31.0,Rs/Quintal,Local Processed Dataset,2026-09-24 17:18:05
2026-08-17,Onion,23.0,Pune,Pune(Pimpri),Maharashtra,Local,Local,2000,3700,2850.0,20.0,37.0,28.5,Rs/Quintal,Local Processed Dataset,2026-09-24 17:18:05
2026-08-17,Tomato,78.0,Nashik,APMC Chandwad,Maharashtra,Local,Local,500,2000,1350.0,5.0,20.0,13.5,Rs/Quintal,Local Processed Dataset,2026-09-24 17:18:05
2026-08-17,Tomato,78.0,Nashik,APMC Nasik,Maharashtra,Other,Local,300,2375,1375.0,3.0,23.75,13.75,Rs/Quintal,Local Processed Dataset,2026-09-24 17:18:05
2026-08-18,Onion,23.0,Pune,Pune(Khadiki),Maharashtra,Local,Local,900,1400,1150.0,9.0,14.0,11.5,Rs/Quintal,Local Processed Dataset,2026-09-24 17:18:05
2026-08-18,Onion,23.0,Pune,APMC Manchar,Maharashtra,Other,Local,4000,5510,4755.0,40.0,55.1,47.55,Rs/Quintal,Local Processed Dataset,2026-09-24 17:18:05
2026-08-18,Onion,23.0,Thane,APMC Kalyan,Maharashtra,2nd Sort,Local,2200,2300,2250.0,22.0,23.0,22.5,Rs/Quintal,Local Processed Dataset,2026-09-24 17:18:05
2026-08-18,Tomato,78.0,Nashik,Nasik APMC,Maharashtra,Other,Local,300,1625,1000.0,3.0,16.25,10.0,Rs/Quintal,Local Processed Dataset,2026-09-24 17:18:05
2026-08-18,Tomato,78.0,Nashik,APMC Pimpalgaon Baswant,Maharashtra,Other,Local,250,2055,1455.0,2.5,20.55,14.55,Rs/Quintal,Local Processed Dataset,2026-09-24 17:18:05
2026-08-19,Onion,23.0,Ahilyanagar,APMC Kopargaon,Maharashtra,Unhali,Local,1000,4100,3750.0,10.0,41.0,37.5,Rs/Quintal,Local Processed Dataset,2026-09-24 17:18:05
2026-08-19,Onion,23.0,Ahilyanagar,APMC Shrirampur,Maharashtra,Unhali,Local,1600,4600,3550.0,16.0,46.0,35.5,Rs/Quintal,Local Processed Dataset,2026-09-24 17:18:05
2026-08-19,Onion,23.0,Jalgaon,APMC Jalgaon,Maharashtra,Red,Local,1125,3877,2377.0,11.25,38.77,23.77,Rs/Quintal,Local Processed Dataset,2026-09-24 17:18:05
2026-08-19,Onion,23.0,Nashik,"Malharshree Khajgi Krushi Utpann Bajar, Chandanpuri Tal Malegaon, Nashik",Maharashtra,Other,Local,844,3861,3210.0,8.44,38.61,32.1,Rs/Quintal,Local Processed Dataset,2026-09-24 17:18:05
2026-08-19,Onion,23.0,Pune,Pune(Manjri),Maharashtra,Local,Local,2000,5000,3500.0,20.0,50.0,35.0,Rs/Quintal,Local Processed Dataset,2026-09-24 17:18:05
2026-08-19,Onion,23.0,Solapur,APMC Akluj,Maharashtra,Red,Local,700,4100,3000.0,7.0,41.0,30.0,Rs/Quintal,Local Processed Dataset,2026-09-24 17:18:05
2026-08-19,Onion,23.0,Solapur,APMC Solapur,Maharashtra,Red,Local,500,5500,2900.0,5.0,55.0,29.0,Rs/Quintal,Local Processed Dataset,2026-09-24 17:18:05
2026-08-19,Onion,23.0,Thane,APMC Kalyan,Maharashtra,2nd Sort,Local,2200,2500,2350.0,22.0,25.0,23.5,Rs/Quintal,Local Processed Dataset,2026-09-24 17:18:05
2026-08-19,Tomato,78.0,Nashik,APMC Ghoti,Maharashtra,Other,Local,2000,2000,2000.0,20.0,20.0,20.0,Rs/Quintal,Local Processed Dataset,2026-09-24 17:18:05
2026-08-19,Tomato,78.0,Nashik,Nasik APMC,Maharashtra,Other,Local,250,1500,900.0,2.5,15.0,9.0,Rs/Quintal,Local Processed Dataset,2026-09-24 17:18:05
2026-08-19,Tomato,78.0,Nashik,Ghoti APMC,Maharashtra,Other,Local,2000,2000,2000.0,20.0,20.0,20.0,Rs/Quintal,Local Processed Dataset,2026-09-24 17:18:05
2026-08-19,Tomato,78.0,Nashik,APMC Pimpalgaon Baswant,Maharashtra,Other,Local,250,2005,1355.0,2.5,20.05,13.55,Rs/Quintal,Local Processed Dataset,2026-09-24 17:18:05
2026-08-19,Tomato,78.0,Nashik,APMC Nasik,Maharashtra,Other,Local,250,1500,900.0,2.5,15.0,9.0,Rs/Quintal,Local Processed Dataset,2026-09-24 17:18:05
2026-08-20,Onion,23.0,Ahilyanagar,APMC Akole,Maharashtra,Unhali,Local,700,4501,3821.0,7.0,45.01,38.21,Rs/Quintal,Local Processed Dataset,2026-09-24 17:18:05
2026-08-20,Onion,23.0,Ahilyanagar,APMC Jamkhed,Maharashtra,Local,Local,1000,4500,2750.0,10.0,45.0,27.5,Rs/Quintal,Local Processed Dataset,2026-09-24 17:18:05
2026-08-20,Onion,23.0,Chandrapur,Chandrapur(Ganjwad),Maharashtra,Other,Local,3000,4000,3500.0,30.0,40.0,35.0,Rs/Quintal,Local Processed Dataset,2026-09-24 17:18:05
2026-08-20,Onion,23.0,Nagpur,APMC Nagpur,Maharashtra,White,Local,4000,4500,4375.0,40.0,45.0,43.75,Rs/Quintal,Local Processed Dataset,2026-09-24 17:18:05
2026-08-20,Onion,23.0,Nashik,Shivsiddha Govind Producer Company Ltd Sanchalit Khajgi Krushi Utpann Bajar Samati-Abhona-Kalwan,Maharashtra,Other,Local,1000,4501,3570.0,10.0,45.01,35.7,Rs/Quintal,Local Processed Dataset,2026-09-24 17:18:05
2026-08-20,Onion,23.0,Nashik,"Malharshree Khajgi Krushi Utpann Bajar, Chandanpuri Tal Malegaon, Nashik",Maharashtra,Other,Local,955,3480,2855.0,9.55,34.8,28.55,Rs/Quintal,Local Processed Dataset,2026-09-24 17:18:05
2026-08-20,Onion,23.0,Pune,Pune(Moshi),Maharashtra,Local,Local,1500,3000,2250.0,15.0,30.0,22.5,Rs/Quintal,Local Processed Dataset,2026-09-24 17:18:05
2026-08-20,Tomato,78.0,Nashik,Pimpalgaon Baswant APMC,Maharashtra,Other,Local,150,1755,1055.0,1.5,17.55,10.55,Rs/Quintal,Local Processed Dataset,2026-09-24 17:18:05
2026-08-21,Onion,23.0,Ahilyanagar,APMC Sangamner,Maharashtra,Unhali,Local,1000,4700,2850.0,10.0,47.0,28.5,Rs/Quintal,Local Processed Dataset,2026-09-24 17:18:05
2026-08-21,Onion,23.0,Ahilyanagar,APMC Karjat,Maharashtra,Local,Local,700,3000,2000.0,7.0,30.0,20.0,Rs/Quintal,Local Processed Dataset,2026-09-24 17:18:05
2026-08-21,Onion,23.0,Nashik,"Malharshree Khajgi Krushi Utpann Bajar, Chandanpuri Tal Malegaon, Nashik",Maharashtra,Other,Local,930,3801,3010.0,9.3,38.01,30.1,Rs/Quintal,Local Processed Dataset,2026-09-24 17:18:05
2026-08-21,Onion,23.0,Thane,APMC Kalyan,Maharashtra,1st Sort,Local,2800,2900,2850.0,28.0,29.0,28.5,Rs/Quintal,Local Processed Dataset,2026-09-24 17:18:05
2026-08-21,Tomato,78.0,Nashik,APMC Pimpalgaon Baswant,Maharashtra,Other,Local,150,1505,905.0,1.5,15.05,9.05,Rs/Quintal,Local Processed Dataset,2026-09-24 17:18:05
2026-08-22,Onion,23.0,Ahilyanagar,APMC Shevgaon,Maharashtra,1st Sort,Local,3300,4600,4000.0,33.0,46.0,40.0,Rs/Quintal,Local Processed Dataset,2026-09-24 17:18:05
2026-08-22,Onion,23.0,Nashik,Shivsiddha Govind Producer Company Ltd Sanchalit Khajgi Krushi Utpann Bajar Samati-Abhona-Kalwan,Maharashtra,Other,Local,1000,4900,3820.0,10.0,49.0,38.2,Rs/Quintal,Local Processed Dataset,2026-09-24 17:18:05
2026-08-22,Onion,23.0,Pune,Pune(Khadiki),Maharashtra,Local,Local,900,1400,1150.0,9.0,14.0,11.5,Rs/Quintal,Local Processed Dataset,2026-09-24 17:18:05
2026-08-22,Tomato,78.0,Ahilyanagar,APMC Rahata,Maharashtra,Other,Local,500,1000,750.0,5.0,10.0,7.5,Rs/Quintal,Local Processed Dataset,2026-09-24 17:18:05
2026-08-22,Tomato,78.0,Nagpur,APMC Nagpur,Maharashtra,Other,Local,2000,2200,2150.0,20.0,22.0,21.5,Rs/Quintal,Local Processed Dataset,2026-09-24 17:18:05
2026-08-22,Tomato,78.0,Pune,Khed(Chakan),Maharashtra,Other,Local,500,1500,1000.0,5.0,15.0,10.0,Rs/Quintal,Local Processed Dataset,2026-09-24 17:18:05
2026-08-22,Tomato,78.0,Raigad,APMC Panvel,Maharashtra,Other,Local,2500,3000,2750.0,25.0,30.0,27.5,Rs/Quintal,Local Processed Dataset,2026-09-24 17:18:05
2026-08-23,Onion,23.0,Ahilyanagar,APMC Newasa,Maharashtra,Unhali,Local,1000,4300,3500.0,10.0,43.0,35.0,Rs/Quintal,Local Processed Dataset,2026-09-24 17:18:05
2026-08-23,Onion,23.0,Pune,Junnar(Narayangaon),Maharashtra,Chinchwad,Local,650,4100,2350.0,6.5,41.0,23.5,Rs/Quintal,Local Processed Dataset,2026-09-24 17:18:05
2026-08-23,Onion,23.0,Pune,Junnar(Alephata),Maharashtra,Chinchwad,Local,1500,4510,3400.0,15.0,45.1,34.0,Rs/Quintal,Local Processed Dataset,2026-09-24 17:18:05
2026-08-23,Tomato,78.0,Dharashiv,APMC Dharashiv,Maharashtra,Other,Local,500,1000,750.0,5.0,10.0,7.5,Rs/Quintal,Local Processed Dataset,2026-09-24 17:18:05
2026-08-24,Onion,23.0,Ahilyanagar,"Prasanna Krushi Market, Tal Parnet, Dist Ahilyanagar",Maharashtra,Other,Local,600,4440,2520.0,6.0,44.4,25.2,Rs/Quintal,Local Processed Dataset,2026-09-24 17:18:05
2026-08-24,Onion,23.0,Dhule,"Pratap Nana Mahale Khajgi Krushi Uttpana Bazar, Samati-Dhule",Maharashtra,Red,Local,1510,3600,2898.29,15.1,36.0,28.98,Rs/Quintal,Local Processed Dataset,2026-09-24 17:18:05
2026-08-24,Onion,23.0,Nashik,Shivsiddha Govind Producer Company Ltd Sanchalit Khajgi Krushi Utpann Bajar Samati-Abhona-Kalwan,Maharashtra,Other,Local,1000,5500,4400.0,10.0,55.0,44.0,Rs/Quintal,Local Processed Dataset,2026-09-24 17:18:05
2026-08-24,Onion,23.0,Pune,APMC Indapur,Maharashtra,Red,Local,1100,5300,1900.0,11.0,53.0,19.0,Rs/Quintal,Local Processed Dataset,2026-09-24 17:18:05
2026-08-24,Tomato,78.0,Chattrapati Sambhajinagar,APMC Chattrapati Sambhajinagar,Maharashtra,Other,Local,400,700,550.0,4.0,7.0,5.5,Rs/Quintal,Local Processed Dataset,2026-09-24 17:18:05
2026-08-24,Tomato,78.0,Kolhapur,APMC Kolhapur,Maharashtra,Other,Local,500,1500,1000.0,5.0,15.0,10.0,Rs/Quintal,Local Processed Dataset,2026-09-24 17:18:05
2026-08-24,Tomato,78.0,Sangli,APMC Vita,Maharashtra,Other,Local,1000,1500,1200.0,10.0,15.0,12.0,Rs/Quintal,Local Processed Dataset,2026-09-24 17:18:05
2026-08-24,Tomato,78.0,Satara,APMC Karad,Maharashtra,Other,Local,1000,1200,1200.0,10.0,12.0,12.0,Rs/Quintal,Local Processed Dataset,2026-09-24 17:18:05
2026-08-24,Tomato,78.0,Thane,APMC Kalyan,Maharashtra,Other,Local,500,700,600.0,5.0,7.0,6.0,Rs/Quintal,Local Processed Dataset,2026-09-24 17:18:05
2026-08-25,Onion,23.0,Dhule,APMC Dhule,Maharashtra,Red,Local,2400,4250,2500.0,24.0,42.5,25.0,Rs/Quintal,Local Processed Dataset,2026-09-24 17:18:05
2026-08-25,Onion,23.0,Nagpur,APMC Nagpur,Maharashtra,Red,Local,3500,4000,3875.0,35.0,40.0,38.75,Rs/Quintal,Local Processed Dataset,2026-09-24 17:18:05
2026-08-25,Onion,23.0,Pune,Pune(Moshi),Maharashtra,Local,Local,1500,3500,2500.0,15.0,35.0,25.0,Rs/Quintal,Local Processed Dataset,2026-09-24 17:18:05
2026-08-25,Tomato,78.0,Ahilyanagar,APMC Sangamner,Maharashtra,Other,Local,300,1500,900.0,3.0,15.0,9.0,Rs/Quintal,Local Processed Dataset,2026-09-24 17:18:05
2026-08-25,Tomato,78.0,Ahilyanagar,APMC Rahata,Maharashtra,Other,Local,500,1000,750.0,5.0,10.0,7.5,Rs/Quintal,Local Processed Dataset,2026-09-24 17:18:05
2026-08-25,Tomato,78.0,Nagpur,APMC Nagpur,Maharashtra,Other,Local,1500,1800,1725.0,15.0,18.0,17.25,Rs/Quintal,Local Processed Dataset,2026-09-24 17:18:05
2026-08-25,Tomato,78.0,Nashik,Pimpalgaon Baswant APMC,Maharashtra,Other,Local,250,1905,1455.0,2.5,19.05,14.55,Rs/Quintal,Local Processed Dataset,2026-09-24 17:18:05
2026-08-25,Tomato,78.0,Pune,Pune(Manjri),Maharashtra,Other,Local,500,1500,1000.0,5.0,15.0,10.0,Rs/Quintal,Local Processed Dataset,2026-09-24 17:18:05
2026-08-25,Tomato,78.0,Sangli,APMC Vita,Maharashtra,Other,Local,1000,1500,1200.0,10.0,15.0,12.0,Rs/Quintal,Local Processed Dataset,2026-09-24 17:18:05
2026-08-26,Onion,23.0,Ahilyanagar,APMC Shrirampur,Maharashtra,Unhali,Local,1700,5100,3650.0,17.0,51.0,36.5,Rs/Quintal,Local Processed Dataset,2026-09-24 17:18:05
2026-08-26,Onion,23.0,Dharashiv,APMC Dharashiv,Maharashtra,Red,Local,3000,4500,3750.0,30.0,45.0,37.5,Rs/Quintal,Local Processed Dataset,2026-09-24 17:18:05
2026-08-26,Onion,23.0,Dhule,APMC Shirpur,Maharashtra,Red,Local,1100,3725,2550.0,11.0,37.25,25.5,Rs/Quintal,Local Processed Dataset,2026-09-24 17:18:05
2026-08-26,Onion,23.0,Pune,APMC Indapur,Maharashtra,Red,Local,1500,4150,2000.0,15.0,41.5,20.0,Rs/Quintal,Local Processed Dataset,2026-09-24 17:18:05
2026-08-26,Onion,23.0,Satara,APMC Vaduj,Maharashtra,Red,Local,3000,4200,3800.0,30.0,42.0,38.0,Rs/Quintal,Local Processed Dataset,2026-09-24 17:18:05
2026-08-26,Onion,23.0,Thane,APMC Kalyan,Maharashtra,2nd Sort,Local,2500,3000,2750.0,25.0,30.0,27.5,Rs/Quintal,Local Processed Dataset,2026-09-24 17:18:05
2026-08-26,Tomato,78.0,Ahilyanagar,APMC Rahuri,Maharashtra,Other,Local,500,1500,1000.0,5.0,15.0,10.0,Rs/Quintal,Local Processed Dataset,2026-09-24 17:18:05
2026-08-26,Tomato,78.0,Pune,Pune(Manjri),Maharashtra,Other,Local,500,1200,1000.0,5.0,12.0,10.0,Rs/Quintal,Local Processed Dataset,2026-09-24 17:18:05
2026-08-27,Onion,23.0,Ahilyanagar,APMC Jamkhed,Maharashtra,Local,Local,1000,4000,2500.0,10.0,40.0,25.0,Rs/Quintal,Local Processed Dataset,2026-09-24 17:18:05
2026-08-27,Onion,23.0,Ahilyanagar,APMC Shevgaon,Maharashtra,2nd Sort,Local,2200,3200,3000.0,22.0,32.0,30.0,Rs/Quintal,Local Processed Dataset,2026-09-24 17:18:05
2026-08-27,Onion,23.0,Dhule,APMC Dhule,Maharashtra,Red,Local,1200,4000,2850.0,12.0,40.0,28.5,Rs/Quintal,Local Processed Dataset,2026-09-24 17:18:05
2026-08-27,Onion,23.0,Nagpur,APMC Nagpur,Maharashtra,Red,Local,3500,4000,3875.0,35.0,40.0,38.75,Rs/Quintal,Local Processed Dataset,2026-09-24 17:18:05
2026-08-27,Onion,23.0,Nagpur,APMC Nagpur,Maharashtra,White,Local,4000,4500,4375.0,40.0,45.0,43.75,Rs/Quintal,Local Processed Dataset,2026-09-24 17:18:05
2026-08-27,Onion,23.0,Solapur,Kurdwadi(Modnimb),Maharashtra,Red,Local,2000,3400,2800.0,20.0,34.0,28.0,Rs/Quintal,Local Processed Dataset,2026-09-24 17:18:05
2026-08-27,Onion,23.0,Solapur,APMC Solapur,Maharashtra,Red,Local,500,5500,2800.0,5.0,55.0,28.0,Rs/Quintal,Local Processed Dataset,2026-09-24 17:18:05
2026-08-27,Tomato,78.0,Jalgaon,APMC Bhusaval,Maharashtra,Other,Local,1000,1500,1200.0,10.0,15.0,12.0,Rs/Quintal,Local Processed Dataset,2026-09-24 17:18:05
2026-08-27,Tomato,78.0,Mumbai,APMC Mumbai,Maharashtra,Other,Local,1500,2000,1750.0,15.0,20.0,17.5,Rs/Quintal,Local Processed Dataset,2026-09-24 17:18:05
2026-08-27,Tomato,78.0,Nagpur,APMC Nagpur,Maharashtra,Other,Local,1200,1700,1575.0,12.0,17.0,15.75,Rs/Quintal,Local Processed Dataset,2026-09-24 17:18:05
2026-08-27,Tomato,78.0,Pune,Khed(Chakan),Maharashtra,Other,Local,500,1300,1000.0,5.0,13.0,10.0,Rs/Quintal,Local Processed Dataset,2026-09-24 17:18:05
2026-08-28,Onion,23.0,Ahilyanagar,APMC Shrirampur,Maharashtra,Unhali,Local,1500,4500,3450.0,15.0,45.0,34.5,Rs/Quintal,Local Processed Dataset,2026-09-24 17:18:05
2026-08-28,Onion,23.0,Ahilyanagar,APMC Parner,Maharashtra,Unhali,Local,1000,4800,3900.0,10.0,48.0,39.0,Rs/Quintal,Local Processed Dataset,2026-09-24 17:18:05
2026-08-28,Onion,23.0,Pune,Pune(Manjri),Maharashtra,Local,Local,3000,4000,3500.0,30.0,40.0,35.0,Rs/Quintal,Local Processed Dataset,2026-09-24 17:18:05
2026-08-28,Tomato,78.0,Ahilyanagar,APMC Shrirampur,Maharashtra,Other,Local,500,1000,750.0,5.0,10.0,7.5,Rs/Quintal,Local Processed Dataset,2026-09-24 17:18:05
2026-08-28,Tomato,78.0,Ahilyanagar,APMC Rahata,Maharashtra,Other,Local,500,1000,750.0,5.0,10.0,7.5,Rs/Quintal,Local Processed Dataset,2026-09-24 17:18:05
2026-08-28,Tomato,78.0,Jalgaon,APMC Bhusaval,Maharashtra,Other,Local,1000,1500,1200.0,10.0,15.0,12.0,Rs/Quintal,Local Processed Dataset,2026-09-24 17:18:05
2026-08-28,Tomato,78.0,Mumbai,APMC Mumbai,Maharashtra,Other,Local,1200,2000,1600.0,12.0,20.0,16.0,Rs/Quintal,Local Processed Dataset,2026-09-24 17:18:05
2026-08-28,Tomato,78.0,Nashik,Pimpalgaon Baswant APMC,Maharashtra,Other,Local,250,1755,1305.0,2.5,17.55,13.05,Rs/Quintal,Local Processed Dataset,2026-09-24 17:18:05
2026-08-28,Tomato,78.0,Nashik,Nasik APMC,Maharashtra,Other,Local,250,1500,900.0,2.5,15.0,9.0,Rs/Quintal,Local Processed Dataset,2026-09-24 17:18:05
2026-08-28,Tomato,78.0,Ratnagiri,APMC Ratnagiri (Nachane),Maharashtra,Other,Local,500,1200,1000.0,5.0,12.0,10.0,Rs/Quintal,Local Processed Dataset,2026-09-24 17:18:05
2026-08-28,Tomato,78.0,Sangli,APMC Islampur,Maharashtra,Other,Local,1000,1200,1100.0,10.0,12.0,11.0,Rs/Quintal,Local Processed Dataset,2026-09-24 17:18:05
2026-08-29,Onion,23.0,Ahilyanagar,APMC Ahilyanagar,Maharashtra,Unhali,Local,700,4250,2475.0,7.0,42.5,24.75,Rs/Quintal,Local Processed Dataset,2026-09-24 17:18:05
2026-08-29,Onion,23.0,Ahilyanagar,"Prasanna Krushi Market, Tal Parnet, Dist Ahilyanagar",Maharashtra,Other,Local,1000,4000,2500.0,10.0,40.0,25.0,Rs/Quintal,Local Processed Dataset,2026-09-24 17:18:05
2026-08-29,Onion,23.0,Ahilyanagar,APMC Shevgaon,Maharashtra,2nd Sort,Local,2500,3400,3000.0,25.0,34.0,30.0,Rs/Quintal,Local Processed Dataset,2026-09-24 17:18:05
2026-08-29,Onion,23.0,Dhule,APMC Shirpur,Maharashtra,Red,Local,1250,3900,3300.0,12.5,39.0,33.0,Rs/Quintal,Local Processed Dataset,2026-09-24 17:18:05
2026-08-29,Onion,23.0,Jalgaon,APMC Jalgaon,Maharashtra,Red,Local,1250,4000,2625.0,12.5,40.0,26.25,Rs/Quintal,Local Processed Dataset,2026-09-24 17:18:05
2026-08-29,Onion,23.0,Nagpur,APMC Hingna,Maharashtra,Red,Local,2500,5000,3750.0,25.0,50.0,37.5,Rs/Quintal,Local Processed Dataset,2026-09-24 17:18:05
2026-08-29,Onion,23.0,Nagpur,APMC Nagpur,Maharashtra,White,Local,4000,4500,4375.0,40.0,45.0,43.75,Rs/Quintal,Local Processed Dataset,2026-09-24 17:18:05
2026-08-29,Onion,23.0,Pune,Khed(Chakan),Maharashtra,Other,Local,1500,4000,3000.0,15.0,40.0,30.0,Rs/Quintal,Local Processed Dataset,2026-09-24 17:18:05
2026-08-29,Tomato,78.0,Ahilyanagar,APMC Sangamner,Maharashtra,Other,Local,250,750,500.0,2.5,7.5,5.0,Rs/Quintal,Local Processed Dataset,2026-09-24 17:18:05
2026-08-29,Tomato,78.0,Nagpur,APMC Ramtek,Maharashtra,Other,Local,1000,2000,1500.0,10.0,20.0,15.0,Rs/Quintal,Local Processed Dataset,2026-09-24 17:18:05
2026-08-29,Tomato,78.0,Nashik,AGRICULTURE PRODUCE MARKET COMITEE CHANDWAD,Maharashtra,Local,Local,750,1650,1250.0,7.5,16.5,12.5,Rs/Quintal,Local Processed Dataset,2026-09-24 17:18:05
2026-08-29,Tomato,78.0,Nashik,APMC Pimpalgaon Baswant,Maharashtra,Other,Local,250,1805,1405.0,2.5,18.05,14.05,Rs/Quintal,Local Processed Dataset,2026-09-24 17:18:05
2026-08-29,Tomato,78.0,Nashik,Pimpalgaon Baswant APMC,Maharashtra,Other,Local,250,1805,1405.0,2.5,18.05,14.05,Rs/Quintal,Local Processed Dataset,2026-09-24 17:18:05
2026-08-29,Tomato,78.0,Satara,APMC Patan,Maharashtra,Other,Local,1250,1450,1350.0,12.5,14.5,13.5,Rs/Quintal,Local Processed Dataset,2026-09-24 17:18:05
2026-08-29,Tomato,78.0,Solapur,APMC Pandharpur,Maharashtra,Other,Local,500,1000,700.0,5.0,10.0,7.0,Rs/Quintal,Local Processed Dataset,2026-09-24 17:18:05
2026-08-30,Onion,23.0,Ahilyanagar,APMC Newasa,Maharashtra,Unhali,Local,1000,4050,3700.0,10.0,40.5,37.0,Rs/Quintal,Local Processed Dataset,2026-09-24 17:18:05
2026-08-30,Onion,23.0,Pune,APMC Pune,Maharashtra,Local,Local,2000,4500,3250.0,20.0,45.0,32.5,Rs/Quintal,Local Processed Dataset,2026-09-24 17:18:05
2026-08-30,Onion,23.0,Pune,Pune(Manjri),Maharashtra,Local,Local,2000,4000,3000.0,20.0,40.0,30.0,Rs/Quintal,Local Processed Dataset,2026-09-24 17:18:05
2026-08-30,Onion,23.0,Pune,APMC Manchar,Maharashtra,Other,Local,2700,5110,3925.0,27.0,51.1,39.25,Rs/Quintal,Local Processed Dataset,2026-09-24 17:18:05
2026-08-30,Tomato,78.0,Ahilyanagar,APMC Sangamner,Maharashtra,Other,Local,300,1000,650.0,3.0,10.0,6.5,Rs/Quintal,Local Processed Dataset,2026-09-24 17:18:05
2026-08-30,Tomato,78.0,Dharashiv,APMC Dharashiv,Maharashtra,Other,Local,500,1300,900.0,5.0,13.0,9.0,Rs/Quintal,Local Processed Dataset,2026-09-24 17:18:05
2026-08-30,Tomato,78.0,Kolhapur,APMC Kolhapur,Maharashtra,Other,Local,500,1500,1000.0,5.0,15.0,10.0,Rs/Quintal,Local Processed Dataset,2026-09-24 17:18:05
2026-08-30,Tomato,78.0,Nagpur,APMC Ramtek,Maharashtra,Other,Local,1000,2000,1500.0,10.0,20.0,15.0,Rs/Quintal,Local Processed Dataset,2026-09-24 17:18:05
2026-08-30,Tomato,78.0,Sangli,APMC Islampur,Maharashtra,Other,Local,1000,1200,1100.0,10.0,12.0,11.0,Rs/Quintal,Local Processed Dataset,2026-09-24 17:18:05
2026-08-31,Onion,23.0,Ahilyanagar,APMC Shrirampur,Maharashtra,Unhali,Local,1500,5000,3450.0,15.0,50.0,34.5,Rs/Quintal,Local Processed Dataset,2026-09-24 17:18:05
2026-08-31,Onion,23.0,Ahilyanagar,Rahuri(Vambori),Maharashtra,Unhali,Local,300,4500,3500.0,3.0,45.0,35.0,Rs/Quintal,Local Processed Dataset,2026-09-24 17:18:05
2026-08-31,Onion,23.0,Pune,APMC Pune,Maharashtra,Local,Local,1000,4600,2800.0,10.0,46.0,28.0,Rs/Quintal,Local Processed Dataset,2026-09-24 17:18:05
2026-08-31,Onion,23.0,Pune,Junnar(Narayangaon),Maharashtra,Chinchwad,Local,600,4500,2500.0,6.0,45.0,25.0,Rs/Quintal,Local Processed Dataset,2026-09-24 17:18:05
2026-08-31,Onion,23.0,Solapur,APMC Solapur,Maharashtra,Red,Local,500,5500,3000.0,5.0,55.0,30.0,Rs/Quintal,Local Processed Dataset,2026-09-24 17:18:05
2026-08-31,Tomato,78.0,Ahilyanagar,APMC Sangamner,Maharashtra,Other,Local,500,1500,1000.0,5.0,15.0,10.0,Rs/Quintal,Local Processed Dataset,2026-09-24 17:18:05
2026-08-31,Tomato,78.0,Nashik,Nasik APMC,Maharashtra,Other,Local,250,2155,1250.0,2.5,21.55,12.5,Rs/Quintal,Local Processed Dataset,2026-09-24 17:18:05
2026-08-31,Tomato,78.0,Solapur,APMC Pandharpur,Maharashtra,Other,Local,500,1000,800.0,5.0,10.0,8.0,Rs/Quintal,Local Processed Dataset,2026-09-24 17:18:05
2026-09-01,Onion,23.0,Ahilyanagar,APMC Newasa,Maharashtra,Unhali,Local,1000,4700,4000.0,10.0,47.0,40.0,Rs/Quintal,Local Processed Dataset,2026-09-24 17:18:05
2026-09-01,Onion,23.0,Ahilyanagar,APMC Akole,Maharashtra,Unhali,Local,900,5111,4311.0,9.0,51.11,43.11,Rs/Quintal,Local Processed Dataset,2026-09-24 17:18:05
2026-09-01,Onion,23.0,Nashik,"Shri Rameshwar Krushi Market, M.Nagar, Tal Deola, Dist Nashik",Maharashtra,Other,Local,911,5200,3998.34,9.11,52.0,39.98,Rs/Quintal,Local Processed Dataset,2026-09-24 17:18:05
2026-09-01,Onion,23.0,Pune,Junnar(Alephata),Maharashtra,Chinchwad,Local,1700,4800,3500.0,17.0,48.0,35.0,Rs/Quintal,Local Processed Dataset,2026-09-24 17:18:05
2026-09-01,Onion,23.0,Solapur,APMC Solapur,Maharashtra,Red,Local,500,5500,3000.0,5.0,55.0,30.0,Rs/Quintal,Local Processed Dataset,2026-09-24 17:18:05
2026-09-01,Tomato,78.0,Amarawati,Amrawati(Frui & Veg. Market),Maharashtra,Local,Local,1200,2000,1600.0,12.0,20.0,16.0,Rs/Quintal,Local Processed Dataset,2026-09-24 17:18:05
2026-09-01,Tomato,78.0,Nagpur,APMC Kalmeshwar,Maharashtra,Other,Local,2015,2500,2305.0,20.15,25.0,23.05,Rs/Quintal,Local Processed Dataset,2026-09-24 17:18:05
2026-09-01,Tomato,78.0,Nashik,Pimpalgaon Baswant APMC,Maharashtra,Other,Local,500,3255,2505.0,5.0,32.55,25.05,Rs/Quintal,Local Processed Dataset,2026-09-24 17:18:05
2026-09-01,Tomato,78.0,Nashik,Nasik APMC,Maharashtra,Other,Local,400,2350,1450.0,4.0,23.5,14.5,Rs/Quintal,Local Processed Dataset,2026-09-24 17:18:05
2026-09-01,Tomato,78.0,Pune,APMC Pune,Maharashtra,Local,Local,600,1600,1100.0,6.0,16.0,11.0,Rs/Quintal,Local Processed Dataset,2026-09-24 17:18:05
2026-09-01,Tomato,78.0,Sangli,APMC Vita,Maharashtra,Other,Local,1000,1500,1200.0,10.0,15.0,12.0,Rs/Quintal,Local Processed Dataset,2026-09-24 17:18:05
2026-09-02,Onion,23.0,Ahilyanagar,"Shree Sairaj Krushi Market, Dist Ahilyanagar",Maharashtra,Local,Local,800,5000,2900.0,8.0,50.0,29.0,Rs/Quintal,Local Processed Dataset,2026-09-24 17:18:05
2026-09-02,Onion,23.0,Dhule,"Pratap Nana Mahale Khajgi Krushi Uttpana Bazar, Samati-Dhule",Maharashtra,Red,Local,1500,2360,1802.67,15.0,23.6,18.03,Rs/Quintal,Local Processed Dataset,2026-09-24 17:18:05
2026-09-02,Onion,23.0,Nagpur,APMC Nagpur,Maharashtra,Red,Local,4000,4500,4375.0,40.0,45.0,43.75,Rs/Quintal,Local Processed Dataset,2026-09-24 17:18:05
2026-09-02,Onion,23.0,Nashik,"Malharshree Khajgi Krushi Utpann Bajar, Chandanpuri Tal Malegaon, Nashik",Maharashtra,Other,Local,2578,4450,3789.0,25.78,44.5,37.89,Rs/Quintal,Local Processed Dataset,2026-09-24 17:18:05
2026-09-02,Onion,23.0,Nashik,Shivsiddha Govind Producer Company Ltd Sanchalit Khajgi Krushi Utpann Bajar Samati-Abhona-Kalwan,Maharashtra,Other,Local,1000,5505,4400.0,10.0,55.05,44.0,Rs/Quintal,Local Processed Dataset,2026-09-24 17:18:05
2026-09-02,Onion,23.0,Pune,APMC Indapur,Maharashtra,Red,Local,1500,6000,2500.0,15.0,60.0,25.0,Rs/Quintal,Local Processed Dataset,2026-09-24 17:18:05
2026-09-02,Onion,23.0,Pune,APMC Khed,Maharashtra,Fursungi,Local,1400,4000,2500.0,14.0,40.0,25.0,Rs/Quintal,Local Processed Dataset,2026-09-24 17:18:05
2026-09-02,Onion,23.0,Solapur,APMC Solapur,Maharashtra,Red,Local,500,6000,3300.0,5.0,60.0,33.0,Rs/Quintal,Local Processed Dataset,2026-09-24 17:18:05
2026-09-02,Onion,23.0,Solapur,APMC Akluj,Maharashtra,Red,Local,1000,5100,3500.0,10.0,51.0,35.0,Rs/Quintal,Local Processed Dataset,2026-09-24 17:18:05
2026-09-02,Tomato,78.0,Ahilyanagar,APMC Rahuri,Maharashtra,Other,Local,500,1000,750.0,5.0,10.0,7.5,Rs/Quintal,Local Processed Dataset,2026-09-24 17:18:05
2026-09-02,Tomato,78.0,Mumbai,APMC Mumbai,Maharashtra,Other,Local,1600,2000,1800.0,16.0,20.0,18.0,Rs/Quintal,Local Processed Dataset,2026-09-24 17:18:05
2026-09-02,Tomato,78.0,Nashik,APMC Nasik,Maharashtra,Other,Local,250,2000,1400.0,2.5,20.0,14.0,Rs/Quintal,Local Processed Dataset,2026-09-24 17:18:05
2026-09-02,Tomato,78.0,Pune,Pune(Manjri),Maharashtra,Other,Local,500,2000,1500.0,5.0,20.0,15.0,Rs/Quintal,Local Processed Dataset,2026-09-24 17:18:05
2026-09-02,Tomato,78.0,Raigad,APMC Panvel,Maharashtra,Other,Local,2500,3000,2750.0,25.0,30.0,27.5,Rs/Quintal,Local Processed Dataset,2026-09-24 17:18:05
2026-09-02,Tomato,78.0,Solapur,APMC Pandharpur,Maharashtra,Other,Local,600,1500,1100.0,6.0,15.0,11.0,Rs/Quintal,Local Processed Dataset,2026-09-24 17:18:05
2026-09-03,Onion,23.0,Ahilyanagar,APMC Shevgaon,Maharashtra,2nd Sort,Local,3100,4400,3800.0,31.0,44.0,38.0,Rs/Quintal,Local Processed Dataset,2026-09-24 17:18:05
2026-09-03,Onion,23.0,Nashik,"Shri Rameshwar Krushi Market, M.Nagar, Tal Deola, Dist Nashik",Maharashtra,Other,Local,1000,5601,4133.81,10.0,56.01,41.34,Rs/Quintal,Local Processed Dataset,2026-09-24 17:18:05
2026-09-03,Onion,23.0,Pune,Pune(Khadiki),Maharashtra,Local,Local,1000,1600,1300.0,10.0,16.0,13.0,Rs/Quintal,Local Processed Dataset,2026-09-24 17:18:05
2026-09-03,Onion,23.0,Pune,APMC Manchar,Maharashtra,Other,Local,3800,6110,4980.0,38.0,61.1,49.8,Rs/Quintal,Local Processed Dataset,2026-09-24 17:18:05
2026-09-03,Onion,23.0,Thane,APMC Kalyan,Maharashtra,1st Sort,Local,3700,4000,3850.0,37.0,40.0,38.5,Rs/Quintal,Local Processed Dataset,2026-09-24 17:18:05
2026-09-03,Tomato,78.0,Ahilyanagar,APMC Rahuri,Maharashtra,Other,Local,500,1000,750.0,5.0,10.0,7.5,Rs/Quintal,Local Processed Dataset,2026-09-24 17:18:05
2026-09-03,Tomato,78.0,Nashik,APMC Pimpalgaon Baswant,Maharashtra,Other,Local,350,2805,2105.0,3.5,28.05,21.05,Rs/Quintal,Local Processed Dataset,2026-09-24 17:18:05
2026-09-03,Tomato,78.0,Nashik,APMC Nasik,Maharashtra,Other,Local,250,2055,1375.0,2.5,20.55,13.75,Rs/Quintal,Local Processed Dataset,2026-09-24 17:18:05
2026-09-03,Tomato,78.0,Pune,Pune(Khadiki),Maharashtra,Local,Local,800,1400,1100.0,8.0,14.0,11.0,Rs/Quintal,Local Processed Dataset,2026-09-24 17:18:05
2026-09-03,Tomato,78.0,Solapur,APMC Mangal Wedha,Maharashtra,Local,Local,200,1500,1000.0,2.0,15.0,10.0,Rs/Quintal,Local Processed Dataset,2026-09-24 17:18:05
2026-09-04,Tomato,78.0,Amarawati,Amrawati(Frui & Veg. Market),Maharashtra,Local,Local,1200,2000,1600.0,12.0,20.0,16.0,Rs/Quintal,Local Processed Dataset,2026-09-24 17:18:05
2026-09-05,Onion,23.0,Ahilyanagar,Newasa(Ghodegaon),Maharashtra,Unhali,Local,1500,5500,4000.0,15.0,55.0,40.0,Rs/Quintal,Local Processed Dataset,2026-09-24 17:18:05
2026-09-05,Onion,23.0,Ahilyanagar,APMC Shevgaon,Maharashtra,Other,Local,1800,2900,2500.0,18.0,29.0,25.0,Rs/Quintal,Local Processed Dataset,2026-09-24 17:18:05
2026-09-05,Onion,23.0,Dharashiv,APMC Dharashiv,Maharashtra,Red,Local,2500,5000,3750.0,25.0,50.0,37.5,Rs/Quintal,Local Processed Dataset,2026-09-24 17:18:05
2026-09-05,Onion,23.0,Solapur,APMC Solapur,Maharashtra,Red,Local,500,6200,3300.0,5.0,62.0,33.0,Rs/Quintal,Local Processed Dataset,2026-09-24 17:18:05
2026-09-05,Tomato,78.0,Amarawati,Amrawati(Frui & Veg. Market),Maharashtra,Local,Local,1000,2000,1500.0,10.0,20.0,15.0,Rs/Quintal,Local Processed Dataset,2026-09-24 17:18:05
2026-09-05,Tomato,78.0,Nashik,APMC Pimpalgaon Baswant,Maharashtra,Other,Local,250,2775,2255.0,2.5,27.75,22.55,Rs/Quintal,Local Processed Dataset,2026-09-24 17:18:05
2026-09-05,Tomato,78.0,Pune,Junnar(Narayangaon),Maharashtra,Local,Local,1000,2000,1500.0,10.0,20.0,15.0,Rs/Quintal,Local Processed Dataset,2026-09-24 17:18:05
2026-09-05,Tomato,78.0,Solapur,APMC Akluj,Maharashtra,Local,Local,800,1300,1000.0,8.0,13.0,10.0,Rs/Quintal,Local Processed Dataset,2026-09-24 17:18:05
2026-09-06,Onion,23.0,Pune,Junnar(Alephata),Maharashtra,Chinchwad,Local,3000,5300,4500.0,30.0,53.0,45.0,Rs/Quintal,Local Processed Dataset,2026-09-24 17:18:05
2026-09-06,Onion,23.0,Pune,APMC Khed,Maharashtra,Fursungi,Local,2000,4500,3000.0,20.0,45.0,30.0,Rs/Quintal,Local Processed Dataset,2026-09-24 17:18:05
2026-09-06,Tomato,78.0,Amarawati,Amrawati(Frui & Veg. Market),Maharashtra,Local,Local,1000,2000,1500.0,10.0,20.0,15.0,Rs/Quintal,Local Processed Dataset,2026-09-24 17:18:05
2026-09-06,Tomato,78.0,Nashik,APMC Nasik,Maharashtra,Other,Local,250,2150,1250.0,2.5,21.5,12.5,Rs/Quintal,Local Processed Dataset,2026-09-24 17:18:05
2026-09-06,Tomato,78.0,Nashik,APMC Pimpalgaon Baswant,Maharashtra,Other,Local,250,2655,2005.0,2.5,26.55,20.05,Rs/Quintal,Local Processed Dataset,2026-09-24 17:18:05
2026-09-06,Tomato,78.0,Pune,Pune(Pimpri),Maharashtra,Local,Local,1000,1600,1300.0,10.0,16.0,13.0,Rs/Quintal,Local Processed Dataset,2026-09-24 17:18:05
2026-09-06,Tomato,78.0,Satara,APMC Vai,Maharashtra,Local,Local,1000,1500,1300.0,10.0,15.0,13.0,Rs/Quintal,Local Processed Dataset,2026-09-24 17:18:05
2026-09-07,Onion,23.0,Ahilyanagar,"Shree Sairaj Krushi Market, Dist Ahilyanagar",Maharashtra,Local,Local,1000,5100,3100.0,10.0,51.0,31.0,Rs/Quintal,Local Processed Dataset,2026-09-24 17:18:05
2026-09-07,Onion,23.0,Ahilyanagar,APMC Shevgaon,Maharashtra,1st Sort,Local,4200,5500,4600.0,42.0,55.0,46.0,Rs/Quintal,Local Processed Dataset,2026-09-24 17:18:05
2026-09-07,Onion,23.0,Nashik,"Shri Rameshwar Krushi Market, M.Nagar, Tal Deola, Dist Nashik",Maharashtra,Other,Local,1111,5751,4144.07,11.11,57.51,41.44,Rs/Quintal,Local Processed Dataset,2026-09-24 17:18:05
2026-09-07,Onion,23.0,Nashik,"Malharshree Khajgi Krushi Utpann Bajar, Chandanpuri Tal Malegaon, Nashik",Maharashtra,Other,Local,1954,4514,3810.0,19.54,45.14,38.1,Rs/Quintal,Local Processed Dataset,2026-09-24 17:18:05
2026-09-07,Onion,23.0,Nashik,APMC Sinner,Maharashtra,Unhali,Local,1500,4698,4300.0,15.0,46.98,43.0,Rs/Quintal,Local Processed Dataset,2026-09-24 17:18:05
2026-09-07,Onion,23.0,Nashik,APMC Kalvan,Maharashtra,Unhali,Local,2000,5535,4600.0,20.0,55.35,46.0,Rs/Quintal,Local Processed Dataset,2026-09-24 17:18:05
2026-09-07,Onion,23.0,Nashik,APMC Chandwad,Maharashtra,Unhali,Local,1310,5260,4470.0,13.1,52.6,44.7,Rs/Quintal,Local Processed Dataset,2026-09-24 17:18:05
2026-09-07,Onion,23.0,Nashik,APMC Manmad,Maharashtra,Unhali,Local,1330,4720,4400.0,13.3,47.2,44.0,Rs/Quintal,Local Processed Dataset,2026-09-24 17:18:05
2026-09-07,Onion,23.0,Nashik,APMC Umrane,Maharashtra,Unhali,Local,1500,5200,4500.0,15.0,52.0,45.0,Rs/Quintal,Local Processed Dataset,2026-09-24 17:18:05
2026-09-07,Onion,23.0,Pune,APMC Khed,Maharashtra,Fursungi,Local,2500,5000,3500.0,25.0,50.0,35.0,Rs/Quintal,Local Processed Dataset,2026-09-24 17:18:05
2026-09-07,Tomato,78.0,Nagpur,APMC Hingna,Maharashtra,Local,Local,1250,3000,2291.0,12.5,30.0,22.91,Rs/Quintal,Local Processed Dataset,2026-09-24 17:18:05
2026-09-07,Tomato,78.0,Pune,Pune(Moshi),Maharashtra,Local,Local,1000,1200,1100.0,10.0,12.0,11.0,Rs/Quintal,Local Processed Dataset,2026-09-24 17:18:05
2026-09-07,Tomato,78.0,Pune,APMC Khed,Maharashtra,Local,Local,700,1600,1000.0,7.0,16.0,10.0,Rs/Quintal,Local Processed Dataset,2026-09-24 17:18:05
2026-09-08,Onion,23.0,Ahilyanagar,APMC Newasa,Maharashtra,Unhali,Local,1000,4700,4200.0,10.0,47.0,42.0,Rs/Quintal,Local Processed Dataset,2026-09-24 17:18:05
2026-09-08,Onion,23.0,Ahilyanagar,APMC Rahuri,Maharashtra,Other,Local,1000,6100,3100.0,10.0,61.0,31.0,Rs/Quintal,Local Processed Dataset,2026-09-24 17:18:05
2026-09-08,Onion,23.0,Dhule,"Pratap Nana Mahale Khajgi Krushi Uttpana Bazar, Samati-Dhule",Maharashtra,Red,Local,1100,4100,3732.06,11.0,41.0,37.32,Rs/Quintal,Local Processed Dataset,2026-09-24 17:18:05
2026-09-08,Onion,23.0,Nashik,"Malharshree Khajgi Krushi Utpann Bajar, Chandanpuri Tal Malegaon, Nashik",Maharashtra,Other,Local,2011,4821,3812.0,20.11,48.21,38.12,Rs/Quintal,Local Processed Dataset,2026-09-24 17:18:05
2026-09-08,Onion,23.0,Nashik,APMC Chandwad,Maharashtra,Unhali,Local,1500,5295,4450.0,15.0,52.95,44.5,Rs/Quintal,Local Processed Dataset,2026-09-24 17:18:05
2026-09-08,Onion,23.0,Nashik,APMC Nandgaon,Maharashtra,Unhali,Local,500,5201,4150.0,5.0,52.01,41.5,Rs/Quintal,Local Processed Dataset,2026-09-24 17:18:05
2026-09-08,Onion,23.0,Nashik,Pimpalgaon Baswant(Saykheda),Maharashtra,Unhali,Local,2225,4700,4000.0,22.25,47.0,40.0,Rs/Quintal,Local Processed Dataset,2026-09-24 17:18:05
2026-09-08,Onion,23.0,Nashik,APMC Sinner,Maharashtra,Unhali,Local,1300,4721,4450.0,13.0,47.21,44.5,Rs/Quintal,Local Processed Dataset,2026-09-24 17:18:05
2026-09-08,Onion,23.0,Pune,Pune(Manjri),Maharashtra,Local,Local,3000,5000,4000.0,30.0,50.0,40.0,Rs/Quintal,Local Processed Dataset,2026-09-24 17:18:05
2026-09-08,Onion,23.0,Pune,APMC Manchar,Maharashtra,Other,Local,3500,6110,4835.0,35.0,61.1,48.35,Rs/Quintal,Local Processed Dataset,2026-09-24 17:18:05
2026-09-08,Onion,23.0,Pune,APMC Khed,Maharashtra,Fursungi,Local,2000,4500,3500.0,20.0,45.0,35.0,Rs/Quintal,Local Processed Dataset,2026-09-24 17:18:05
2026-09-08,Tomato,78.0,Amarawati,Amrawati(Frui & Veg. Market),Maharashtra,Local,Local,1000,2000,1500.0,10.0,20.0,15.0,Rs/Quintal,Local Processed Dataset,2026-09-24 17:18:05
2026-09-08,Tomato,78.0,Pune,APMC Khed,Maharashtra,Local,Local,500,1500,1000.0,5.0,15.0,10.0,Rs/Quintal,Local Processed Dataset,2026-09-24 17:18:05
2026-09-08,Tomato,78.0,Pune,Pune(Pimpri),Maharashtra,Local,Local,1800,1800,1800.0,18.0,18.0,18.0,Rs/Quintal,Local Processed Dataset,2026-09-24 17:18:05
2026-09-09,Onion,23.0,Ahilyanagar,APMC Sangamner,Maharashtra,Unhali,Local,1500,5500,3500.0,15.0,55.0,35.0,Rs/Quintal,Local Processed Dataset,2026-09-24 17:18:05
2026-09-09,Onion,23.0,Jalgaon,APMC Jalgaon,Maharashtra,Red,Local,1627,5000,3377.0,16.27,50.0,33.77,Rs/Quintal,Local Processed Dataset,2026-09-24 17:18:05
2026-09-09,Onion,23.0,Nagpur,APMC Hingna,Maharashtra,Red,Local,5000,5000,5000.0,50.0,50.0,50.0,Rs/Quintal,Local Processed Dataset,2026-09-24 17:18:05
2026-09-09,Onion,23.0,Nashik,APMC Sinner,Maharashtra,Unhali,Local,1300,5000,4200.0,13.0,50.0,42.0,Rs/Quintal,Local Processed Dataset,2026-09-24 17:18:05
2026-09-09,Onion,23.0,Nashik,APMC Nasik,Maharashtra,Unhali,Local,2050,4700,4150.0,20.5,47.0,41.5,Rs/Quintal,Local Processed Dataset,2026-09-24 17:18:05
2026-09-09,Onion,23.0,Nashik,Lasalgaon(Niphad),Maharashtra,Unhali,Local,1500,4590,4350.0,15.0,45.9,43.5,Rs/Quintal,Local Processed Dataset,2026-09-24 17:18:05
2026-09-09,Onion,23.0,Nashik,APMC Nampur,Maharashtra,Unhali,Local,605,4750,4100.0,6.05,47.5,41.0,Rs/Quintal,Local Processed Dataset,2026-09-24 17:18:05
2026-09-09,Onion,23.0,Nashik,APMC Devala,Maharashtra,Unhali,Local,1000,4775,4380.0,10.0,47.75,43.8,Rs/Quintal,Local Processed Dataset,2026-09-24 17:18:05
2026-09-09,Onion,23.0,Nashik,Lasalgaon(Vinchur),Maharashtra,Unhali,Local,1200,4970,4400.0,12.0,49.7,44.0,Rs/Quintal,Local Processed Dataset,2026-09-24 17:18:05
2026-09-09,Onion,23.0,Nashik,APMC Umrane,Maharashtra,Unhali,Local,1500,5460,4100.0,15.0,54.6,41.0,Rs/Quintal,Local Processed Dataset,2026-09-24 17:18:05
2026-09-09,Onion,23.0,Nashik,Pimpalgaon Baswant(Saykheda),Maharashtra,Unhali,Local,2150,4601,3850.0,21.5,46.01,38.5,Rs/Quintal,Local Processed Dataset,2026-09-24 17:18:05
2026-09-09,Onion,23.0,Nashik,APMC Dindori,Maharashtra,Unhali,Local,4300,5000,4650.0,43.0,50.0,46.5,Rs/Quintal,Local Processed Dataset,2026-09-24 17:18:05
2026-09-09,Onion,23.0,Pune,APMC Pune,Maharashtra,Local,Local,1000,5000,3000.0,10.0,50.0,30.0,Rs/Quintal,Local Processed Dataset,2026-09-24 17:18:05
2026-09-09,Onion,23.0,Solapur,APMC Akluj,Maharashtra,Red,Local,1400,5200,4000.0,14.0,52.0,40.0,Rs/Quintal,Local Processed Dataset,2026-09-24 17:18:05
2026-09-09,Tomato,78.0,Nashik,APMC Nasik,Maharashtra,Other,Local,250,2200,1375.0,2.5,22.0,13.75,Rs/Quintal,Local Processed Dataset,2026-09-24 17:18:05
2026-09-09,Tomato,78.0,Pune,Pune(Khadiki),Maharashtra,Local,Local,900,1400,1150.0,9.0,14.0,11.5,Rs/Quintal,Local Processed Dataset,2026-09-24 17:18:05
2026-09-09,Tomato,78.0,Solapur,APMC Mangal Wedha,Maharashtra,Local,Local,200,1500,1100.0,2.0,15.0,11.0,Rs/Quintal,Local Processed Dataset,2026-09-24 17:18:05
2026-09-10,Onion,23.0,Nagpur,APMC Nagpur,Maharashtra,Red,Local,4000,5000,4750.0,40.0,50.0,47.5,Rs/Quintal,Local Processed Dataset,2026-09-24 17:18:05
2026-09-10,Onion,23.0,Pune,Pune(Manjri),Maharashtra,Local,Local,2000,5000,3000.0,20.0,50.0,30.0,Rs/Quintal,Local Processed Dataset,2026-09-24 17:18:05
2026-09-10,Onion,23.0,Pune,Pune(Moshi),Maharashtra,Local,Local,2500,4500,3500.0,25.0,45.0,35.0,Rs/Quintal,Local Processed Dataset,2026-09-24 17:18:05
2026-09-10,Onion,23.0,Pune,APMC Indapur,Maharashtra,Red,Local,1500,5000,2500.0,15.0,50.0,25.0,Rs/Quintal,Local Processed Dataset,2026-09-24 17:18:05
2026-09-10,Onion,23.0,Pune,APMC Junnar,Maharashtra,Chinchwad,Local,2000,5110,4700.0,20.0,51.1,47.0,Rs/Quintal,Local Processed Dataset,2026-09-24 17:18:05
2026-09-10,Onion,23.0,Pune,APMC Khed,Maharashtra,Fursungi,Local,3000,4700,4000.0,30.0,47.0,40.0,Rs/Quintal,Local Processed Dataset,2026-09-24 17:18:05
2026-09-10,Tomato,78.0,Nagpur,APMC Nagpur,Maharashtra,Local,Local,1300,2000,1825.0,13.0,20.0,18.25,Rs/Quintal,Local Processed Dataset,2026-09-24 17:18:05
2026-09-10,Tomato,78.0,Pune,Pune(Pimpri),Maharashtra,Local,Local,1500,1500,1500.0,15.0,15.0,15.0,Rs/Quintal,Local Processed Dataset,2026-09-24 17:18:05
2026-09-11,Onion,23.0,Ahilyanagar,APMC Parner,Maharashtra,Unhali,Local,1000,5500,3800.0,10.0,55.0,38.0,Rs/Quintal,Local Processed Dataset,2026-09-24 17:18:05
2026-09-11,Onion,23.0,Ahilyanagar,APMC Rahata,Maharashtra,Other,Local,700,5500,3800.0,7.0,55.0,38.0,Rs/Quintal,Local Processed Dataset,2026-09-24 17:18:05
2026-09-11,Onion,23.0,Nashik,"Malharshree Khajgi Krushi Utpann Bajar, Chandanpuri Tal Malegaon, Nashik",Maharashtra,Other,Local,1847,4125,3512.0,18.47,41.25,35.12,Rs/Quintal,Local Processed Dataset,2026-09-24 17:18:05
2026-09-11,Onion,23.0,Nashik,APMC Pimpalgaon Baswant,Maharashtra,Unhali,Local,1500,6401,4700.0,15.0,64.01,47.0,Rs/Quintal,Local Processed Dataset,2026-09-24 17:18:05
2026-09-11,Onion,23.0,Nashik,Pimpalgaon Baswant(Saykheda),Maharashtra,Unhali,Local,2150,4480,3750.0,21.5,44.8,37.5,Rs/Quintal,Local Processed Dataset,2026-09-24 17:18:05
2026-09-11,Onion,23.0,Nashik,APMC Kalvan,Maharashtra,Unhali,Local,2000,5400,4500.0,20.0,54.0,45.0,Rs/Quintal,Local Processed Dataset,2026-09-24 17:18:05
2026-09-11,Onion,23.0,Nashik,APMC Lasalgaon,Maharashtra,Unhali,Local,1000,5002,4400.0,10.0,50.02,44.0,Rs/Quintal,Local Processed Dataset,2026-09-24 17:18:05
2026-09-11,Onion,23.0,Nashik,Lasalgaon(Niphad),Maharashtra,Unhali,Local,1200,4600,4300.0,12.0,46.0,43.0,Rs/Quintal,Local Processed Dataset,2026-09-24 17:18:05
2026-09-11,Onion,23.0,Nashik,APMC Satana,Maharashtra,Unhali,Local,1600,5200,4080.0,16.0,52.0,40.8,Rs/Quintal,Local Processed Dataset,2026-09-24 17:18:05
2026-09-11,Onion,23.0,Nashik,APMC Dindori,Maharashtra,Unhali,Local,3600,4500,3900.0,36.0,45.0,39.0,Rs/Quintal,Local Processed Dataset,2026-09-24 17:18:05
2026-09-11,Onion,23.0,Nashik,APMC Yeola,Maharashtra,Unhali,Local,701,4616,4000.0,7.01,46.16,40.0,Rs/Quintal,Local Processed Dataset,2026-09-24 17:18:05
2026-09-11,Onion,23.0,Nashik,APMC Nasik,Maharashtra,Unhali,Local,2100,4700,4200.0,21.0,47.0,42.0,Rs/Quintal,Local Processed Dataset,2026-09-24 17:18:05
2026-09-11,Onion,23.0,Nashik,APMC Sinner,Maharashtra,Unhali,Local,1300,4800,4200.0,13.0,48.0,42.0,Rs/Quintal,Local Processed Dataset,2026-09-24 17:18:05
2026-09-11,Onion,23.0,Nashik,APMC Umrane,Maharashtra,Unhali,Local,1500,5100,4100.0,15.0,51.0,41.0,Rs/Quintal,Local Processed Dataset,2026-09-24 17:18:05
2026-09-11,Onion,23.0,Pune,APMC Khed,Maharashtra,Fursungi,Local,2500,4200,3000.0,25.0,42.0,30.0,Rs/Quintal,Local Processed Dataset,2026-09-24 17:18:05
2026-09-11,Onion,23.0,Solapur,APMC Solapur,Maharashtra,Red,Local,500,6000,3100.0,5.0,60.0,31.0,Rs/Quintal,Local Processed Dataset,2026-09-24 17:18:05
2026-09-11,Onion,23.0,Solapur,APMC Akluj,Maharashtra,Red,Local,1500,5000,3800.0,15.0,50.0,38.0,Rs/Quintal,Local Processed Dataset,2026-09-24 17:18:05
2026-09-11,Tomato,78.0,Amarawati,Amrawati(Frui & Veg. Market),Maharashtra,Local,Local,1000,2000,1500.0,10.0,20.0,15.0,Rs/Quintal,Local Processed Dataset,2026-09-24 17:18:05
2026-09-11,Tomato,78.0,Nashik,APMC Chandwad,Maharashtra,Local,Local,500,1375,1200.0,5.0,13.75,12.0,Rs/Quintal,Local Processed Dataset,2026-09-24 17:18:05
2026-09-11,Tomato,78.0,Nashik,APMC Ghoti,Maharashtra,Other,Local,1800,2000,1900.0,18.0,20.0,19.0,Rs/Quintal,Local Processed Dataset,2026-09-24 17:18:05
2026-09-11,Tomato,78.0,Nashik,APMC Nasik,Maharashtra,Other,Local,250,1750,1050.0,2.5,17.5,10.5,Rs/Quintal,Local Processed Dataset,2026-09-24 17:18:05
2026-09-11,Tomato,78.0,Pune,Pune(Khadiki),Maharashtra,Local,Local,700,1400,1050.0,7.0,14.0,10.5,Rs/Quintal,Local Processed Dataset,2026-09-24 17:18:05
2026-09-11,Tomato,78.0,Pune,APMC Pune,Maharashtra,Local,Local,600,1600,1100.0,6.0,16.0,11.0,Rs/Quintal,Local Processed Dataset,2026-09-24 17:18:05
2026-09-11,Tomato,78.0,Satara,APMC Vai,Maharashtra,Local,Local,1000,1800,1500.0,10.0,18.0,15.0,Rs/Quintal,Local Processed Dataset,2026-09-24 17:18:05
2026-09-12,Onion,23.0,Ahilyanagar,APMC Jamkhed,Maharashtra,Local,Local,1000,4500,2750.0,10.0,45.0,27.5,Rs/Quintal,Local Processed Dataset,2026-09-24 17:18:05
2026-09-12,Onion,23.0,Jalgaon,APMC Jalgaon,Maharashtra,Red,Local,1500,4375,2750.0,15.0,43.75,27.5,Rs/Quintal,Local Processed Dataset,2026-09-24 17:18:05
2026-09-12,Onion,23.0,Nagpur,APMC Nagpur,Maharashtra,Red,Local,4000,5000,4750.0,40.0,50.0,47.5,Rs/Quintal,Local Processed Dataset,2026-09-24 17:18:05
2026-09-12,Onion,23.0,Nashik,APMC Chandwad,Maharashtra,Unhali,Local,1670,5295,4380.0,16.7,52.95,43.8,Rs/Quintal,Local Processed Dataset,2026-09-24 17:18:05
2026-09-12,Onion,23.0,Nashik,Dindori(Vani),Maharashtra,Unhali,Local,4051,5061,4501.0,40.51,50.61,45.01,Rs/Quintal,Local Processed Dataset,2026-09-24 17:18:05
2026-09-12,Onion,23.0,Nashik,APMC Manmad,Maharashtra,Unhali,Local,500,4300,3900.0,5.0,43.0,39.0,Rs/Quintal,Local Processed Dataset,2026-09-24 17:18:05
2026-09-12,Onion,23.0,Nashik,APMC Lasalgaon,Maharashtra,Unhali,Local,1000,4900,4351.0,10.0,49.0,43.51,Rs/Quintal,Local Processed Dataset,2026-09-24 17:18:05
2026-09-12,Onion,23.0,Nashik,APMC Dindori,Maharashtra,Unhali,Local,3600,4400,3800.0,36.0,44.0,38.0,Rs/Quintal,Local Processed Dataset,2026-09-24 17:18:05
2026-09-12,Onion,23.0,Nashik,APMC Nasik,Maharashtra,Unhali,Local,2050,4600,4250.0,20.5,46.0,42.5,Rs/Quintal,Local Processed Dataset,2026-09-24 17:18:05
2026-09-12,Onion,23.0,Nashik,APMC Yeola,Maharashtra,Unhali,Local,925,4871,4250.0,9.25,48.71,42.5,Rs/Quintal,Local Processed Dataset,2026-09-24 17:18:05
2026-09-12,Tomato,78.0,Nashik,APMC Pimpalgaon Baswant,Maharashtra,Other,Local,250,2005,1405.0,2.5,20.05,14.05,Rs/Quintal,Local Processed Dataset,2026-09-24 17:18:05
2026-09-12,Tomato,78.0,Pune,Pune(Pimpri),Maharashtra,Local,Local,1500,1500,1500.0,15.0,15.0,15.0,Rs/Quintal,Local Processed Dataset,2026-09-24 17:18:05
2026-09-12,Tomato,78.0,Pune,Pune(Moshi),Maharashtra,Local,Local,800,900,850.0,8.0,9.0,8.5,Rs/Quintal,Local Processed Dataset,2026-09-24 17:18:05
2026-09-12,Tomato,78.0,Satara,APMC Vai,Maharashtra,Local,Local,1000,2200,1700.0,10.0,22.0,17.0,Rs/Quintal,Local Processed Dataset,2026-09-24 17:18:05
2026-09-13,Onion,23.0,Ahilyanagar,APMC Parner,Maharashtra,Unhali,Local,1000,5500,4000.0,10.0,55.0,40.0,Rs/Quintal,Local Processed Dataset,2026-09-24 17:18:05
2026-09-13,Onion,23.0,Ahilyanagar,APMC Pathardi,Maharashtra,Red,Local,1200,4900,3100.0,12.0,49.0,31.0,Rs/Quintal,Local Processed Dataset,2026-09-24 17:18:05
2026-09-13,Tomato,78.0,Nagpur,APMC Hingna,Maharashtra,Local,Local,800,2500,1638.0,8.0,25.0,16.38,Rs/Quintal,Local Processed Dataset,2026-09-24 17:18:05
2026-09-13,Tomato,78.0,Pune,Junnar(Narayangaon),Maharashtra,Local,Local,750,1750,1501.0,7.5,17.5,15.01,Rs/Quintal,Local Processed Dataset,2026-09-24 17:18:05
2026-09-13,Tomato,78.0,Solapur,APMC Akluj,Maharashtra,Local,Local,1000,1500,1300.0,10.0,15.0,13.0,Rs/Quintal,Local Processed Dataset,2026-09-24 17:18:05
2026-09-14,Onion,23.0,Ahilyanagar,APMC Ahilyanagar,Maharashtra,Unhali,Local,1000,5000,3000.0,10.0,50.0,30.0,Rs/Quintal,Local Processed Dataset,2026-09-24 17:18:05
2026-09-14,Onion,23.0,Solapur,Kurdwadi(Modnimb),Maharashtra,Red,Local,3000,4500,3800.0,30.0,45.0,38.0,Rs/Quintal,Local Processed Dataset,2026-09-24 17:18:05
2026-09-14,Tomato,78.0,Amarawati,Amrawati(Frui & Veg. Market),Maharashtra,Local,Local,800,1200,1000.0,8.0,12.0,10.0,Rs/Quintal,Local Processed Dataset,2026-09-24 17:18:05
2026-09-14,Tomato,78.0,Nashik,APMC Pimpalgaon Baswant,Maharashtra,Other,Local,250,2205,1755.0,2.5,22.05,17.55,Rs/Quintal,Local Processed Dataset,2026-09-24 17:18:05
2026-09-14,Tomato,78.0,Pune,Pune(Khadiki),Maharashtra,Local,Local,800,1400,1100.0,8.0,14.0,11.0,Rs/Quintal,Local Processed Dataset,2026-09-24 17:18:05
2026-09-14,Tomato,78.0,Pune,Junnar(Narayangaon),Maharashtra,Local,Local,750,1750,1500.0,7.5,17.5,15.0,Rs/Quintal,Local Processed Dataset,2026-09-24 17:18:05
2026-09-14,Tomato,78.0,Pune,Pune(Pimpri),Maharashtra,Local,Local,1500,2000,1750.0,15.0,20.0,17.5,Rs/Quintal,Local Processed Dataset,2026-09-24 17:18:05
2026-09-14,Tomato,78.0,Solapur,APMC Akluj,Maharashtra,Local,Local,700,1400,1000.0,7.0,14.0,10.0,Rs/Quintal,Local Processed Dataset,2026-09-24 17:18:05
2026-09-15,Onion,23.0,Ahilyanagar,APMC Sangamner,Maharashtra,Unhali,Local,1000,5200,3100.0,10.0,52.0,31.0,Rs/Quintal,Local Processed Dataset,2026-09-24 17:18:05
2026-09-15,Onion,23.0,Ahilyanagar,APMC Jamkhed,Maharashtra,Local,Local,1500,5000,3250.0,15.0,50.0,32.5,Rs/Quintal,Local Processed Dataset,2026-09-24 17:18:05
2026-09-15,Onion,23.0,Ahilyanagar,APMC Rahuri,Maharashtra,Other,Local,500,5555,3025.0,5.0,55.55,30.25,Rs/Quintal,Local Processed Dataset,2026-09-24 17:18:05
2026-09-15,Onion,23.0,Nashik,APMC Nasik,Maharashtra,Unhali,Local,2200,4800,4300.0,22.0,48.0,43.0,Rs/Quintal,Local Processed Dataset,2026-09-24 17:18:05
2026-09-15,Onion,23.0,Pune,APMC Khed,Maharashtra,Fursungi,Local,2000,4800,3500.0,20.0,48.0,35.0,Rs/Quintal,Local Processed Dataset,2026-09-24 17:18:05
2026-09-15,Tomato,78.0,Nashik,APMC Ghoti,Maharashtra,Other,Local,2000,2000,2000.0,20.0,20.0,20.0,Rs/Quintal,Local Processed Dataset,2026-09-24 17:18:05
2026-09-15,Tomato,78.0,Nashik,APMC Pimpalgaon Baswant,Maharashtra,Other,Local,250,1955,1405.0,2.5,19.55,14.05,Rs/Quintal,Local Processed Dataset,2026-09-24 17:18:05
2026-09-15,Tomato,78.0,Pune,Pune(Pimpri),Maharashtra,Local,Local,1800,1800,1800.0,18.0,18.0,18.0,Rs/Quintal,Local Processed Dataset,2026-09-24 17:18:05
2026-09-16,Onion,23.0,Ahilyanagar,APMC Pathardi,Maharashtra,Red,Local,1000,5350,3200.0,10.0,53.5,32.0,Rs/Quintal,Local Processed Dataset,2026-09-24 17:18:05
2026-09-16,Onion,23.0,Chattrapati Sambhajinagar,APMC Vaijpur,Maharashtra,Unhali,Local,1000,4576,4000.0,10.0,45.76,40.0,Rs/Quintal,Local Processed Dataset,2026-09-24 17:18:05
2026-09-16,Onion,23.0,Nashik,"Shri Rameshwar Krushi Market, M.Nagar, Tal Deola, Dist Nashik",Maharashtra,Other,Local,1725,5300,4133.47,17.25,53.0,41.33,Rs/Quintal,Local Processed Dataset,2026-09-24 17:18:05
2026-09-16,Onion,23.0,Nashik,APMC Chandwad,Maharashtra,Unhali,Local,1700,5555,4380.0,17.0,55.55,43.8,Rs/Quintal,Local Processed Dataset,2026-09-24 17:18:05
2026-09-16,Onion,23.0,Nashik,Lasalgaon(Niphad),Maharashtra,Unhali,Local,1500,4752,4350.0,15.0,47.52,43.5,Rs/Quintal,Local Processed Dataset,2026-09-24 17:18:05
2026-09-16,Onion,23.0,Nashik,APMC Satana,Maharashtra,Unhali,Local,1455,5325,4225.0,14.55,53.25,42.25,Rs/Quintal,Local Processed Dataset,2026-09-24 17:18:05
2026-09-16,Onion,23.0,Nashik,APMC Sinner,Maharashtra,Unhali,Local,1500,4750,4400.0,15.0,47.5,44.0,Rs/Quintal,Local Processed Dataset,2026-09-24 17:18:05
2026-09-16,Onion,23.0,Nashik,APMC Kalvan,Maharashtra,Unhali,Local,1200,5600,4500.0,12.0,56.0,45.0,Rs/Quintal,Local Processed Dataset,2026-09-24 17:18:05
2026-09-16,Onion,23.0,Nashik,APMC Umrane,Maharashtra,Unhali,Local,1500,5401,4500.0,15.0,54.01,45.0,Rs/Quintal,Local Processed Dataset,2026-09-24 17:18:05
2026-09-16,Onion,23.0,Nashik,APMC Devala,Maharashtra,Unhali,Local,850,4680,4330.0,8.5,46.8,43.3,Rs/Quintal,Local Processed Dataset,2026-09-24 17:18:05
2026-09-16,Onion,23.0,Nashik,APMC Nasik,Maharashtra,Unhali,Local,2150,4700,4200.0,21.5,47.0,42.0,Rs/Quintal,Local Processed Dataset,2026-09-24 17:18:05
2026-09-16,Onion,23.0,Nashik,APMC Lasalgaon,Maharashtra,Unhali,Local,1500,5100,4500.0,15.0,51.0,45.0,Rs/Quintal,Local Processed Dataset,2026-09-24 17:18:05
2026-09-16,Onion,23.0,Nashik,APMC Dindori,Maharashtra,Unhali,Local,4021,5555,4511.0,40.21,55.55,45.11,Rs/Quintal,Local Processed Dataset,2026-09-24 17:18:05
2026-09-16,Onion,23.0,Pune,Pune(Khadiki),Maharashtra,Local,Local,1000,2300,1650.0,10.0,23.0,16.5,Rs/Quintal,Local Processed Dataset,2026-09-24 17:18:05
2026-09-16,Onion,23.0,Solapur,APMC Solapur,Maharashtra,Red,Local,500,6000,3200.0,5.0,60.0,32.0,Rs/Quintal,Local Processed Dataset,2026-09-24 17:18:05
2026-09-16,Onion,23.0,Thane,APMC Kalyan,Maharashtra,1st Sort,Local,3000,5000,4000.0,30.0,50.0,40.0,Rs/Quintal,Local Processed Dataset,2026-09-24 17:18:05
2026-09-16,Tomato,78.0,Amarawati,Amrawati(Frui & Veg. Market),Maharashtra,Local,Local,800,1200,1000.0,8.0,12.0,10.0,Rs/Quintal,Local Processed Dataset,2026-09-24 17:18:05
2026-09-16,Tomato,78.0,Nagpur,APMC Hingna,Maharashtra,Local,Local,1000,2600,2040.0,10.0,26.0,20.4,Rs/Quintal,Local Processed Dataset,2026-09-24 17:18:05
2026-09-16,Tomato,78.0,Nashik,APMC Nasik,Maharashtra,Other,Local,200,1450,850.0,2.0,14.5,8.5,Rs/Quintal,Local Processed Dataset,2026-09-24 17:18:05
2026-09-16,Tomato,78.0,Pune,Pune(Khadiki),Maharashtra,Local,Local,900,1400,1150.0,9.0,14.0,11.5,Rs/Quintal,Local Processed Dataset,2026-09-24 17:18:05
2026-09-17,Onion,23.0,Ahilyanagar,APMC Jamkhed,Maharashtra,Local,Local,1500,4500,3000.0,15.0,45.0,30.0,Rs/Quintal,Local Processed Dataset,2026-09-24 17:18:05
2026-09-17,Onion,23.0,Ahilyanagar,APMC Shevgaon,Maharashtra,2nd Sort,Local,3100,4100,3600.0,31.0,41.0,36.0,Rs/Quintal,Local Processed Dataset,2026-09-24 17:18:05
2026-09-17,Onion,23.0,Dharashiv,APMC Dharashiv,Maharashtra,Red,Local,2100,5000,3550.0,21.0,50.0,35.5,Rs/Quintal,Local Processed Dataset,2026-09-24 17:18:05
2026-09-17,Onion,23.0,Nashik,Lasalgaon(Vinchur),Maharashtra,Unhali,Local,1500,5555,4450.0,15.0,55.55,44.5,Rs/Quintal,Local Processed Dataset,2026-09-24 17:18:05
2026-09-17,Onion,23.0,Nashik,Pimpalgaon Baswant(Saykheda),Maharashtra,Unhali,Local,2200,4500,3850.0,22.0,45.0,38.5,Rs/Quintal,Local Processed Dataset,2026-09-24 17:18:05
2026-09-17,Onion,23.0,Nashik,APMC Dindori,Maharashtra,Unhali,Local,4101,5491,4551.0,41.01,54.91,45.51,Rs/Quintal,Local Processed Dataset,2026-09-24 17:18:05
2026-09-17,Onion,23.0,Pune,Khed(Chakan),Maharashtra,Other,Local,2000,5000,3500.0,20.0,50.0,35.0,Rs/Quintal,Local Processed Dataset,2026-09-24 17:18:05
2026-09-17,Tomato,78.0,Nashik,APMC Nasik,Maharashtra,Other,Local,300,1150,700.0,3.0,11.5,7.0,Rs/Quintal,Local Processed Dataset,2026-09-24 17:18:05
2026-09-18,Onion,23.0,Ahilyanagar,APMC Parner,Maharashtra,Unhali,Local,1000,5500,4200.0,10.0,55.0,42.0,Rs/Quintal,Local Processed Dataset,2026-09-24 17:18:05
2026-09-18,Onion,23.0,Ahilyanagar,"Omchatinya Multi State Agro Purpose Co-Op Society, Dist Ahilyanagar",Maharashtra,Other,Local,1000,5500,4200.0,10.0,55.0,42.0,Rs/Quintal,Local Processed Dataset,2026-09-24 17:18:05
2026-09-18,Onion,23.0,Chattrapati Sambhajinagar,APMC Paithan,Maharashtra,Unhali,Local,900,4900,4000.0,9.0,49.0,40.0,Rs/Quintal,Local Processed Dataset,2026-09-24 17:18:05
2026-09-18,Onion,23.0,Dhule,APMC Dhule,Maharashtra,Red,Local,2000,4500,3750.0,20.0,45.0,37.5,Rs/Quintal,Local Processed Dataset,2026-09-24 17:18:05
2026-09-18,Onion,23.0,Jalgaon,APMC Bhusaval,Maharashtra,Unhali,Local,4000,4500,4500.0,40.0,45.0,45.0,Rs/Quintal,Local Processed Dataset,2026-09-24 17:18:05
2026-09-18,Onion,23.0,Nashik,APMC Devala,Maharashtra,Unhali,Local,1000,4535,4200.0,10.0,45.35,42.0,Rs/Quintal,Local Processed Dataset,2026-09-24 17:18:05
2026-09-18,Onion,23.0,Nashik,APMC Yeola,Maharashtra,Unhali,Local,1275,4941,4225.0,12.75,49.41,42.25,Rs/Quintal,Local Processed Dataset,2026-09-24 17:18:05
2026-09-18,Onion,23.0,Nashik,APMC Nasik,Maharashtra,Unhali,Local,2150,4800,4200.0,21.5,48.0,42.0,Rs/Quintal,Local Processed Dataset,2026-09-24 17:18:05
2026-09-18,Onion,23.0,Nashik,Lasalgaon(Niphad),Maharashtra,Unhali,Local,1500,4601,4300.0,15.0,46.01,43.0,Rs/Quintal,Local Processed Dataset,2026-09-24 17:18:05
2026-09-18,Onion,23.0,Nashik,APMC Dindori,Maharashtra,Unhali,Local,3300,5301,4450.0,33.0,53.01,44.5,Rs/Quintal,Local Processed Dataset,2026-09-24 17:18:05
2026-09-18,Onion,23.0,Nashik,APMC Nandgaon,Maharashtra,Unhali,Local,800,4501,3850.0,8.0,45.01,38.5,Rs/Quintal,Local Processed Dataset,2026-09-24 17:18:05
2026-09-18,Onion,23.0,Nashik,APMC Chandwad,Maharashtra,Unhali,Local,1510,5005,3880.0,15.1,50.05,38.8,Rs/Quintal,Local Processed Dataset,2026-09-24 17:18:05
2026-09-18,Onion,23.0,Nashik,APMC Lasalgaon,Maharashtra,Unhali,Local,1200,5114,4300.0,12.0,51.14,43.0,Rs/Quintal,Local Processed Dataset,2026-09-24 17:18:05
2026-09-18,Onion,23.0,Nashik,Lasalgaon(Vinchur),Maharashtra,Unhali,Local,1500,5015,4200.0,15.0,50.15,42.0,Rs/Quintal,Local Processed Dataset,2026-09-24 17:18:05
2026-09-18,Onion,23.0,Nashik,APMC Sinner,Maharashtra,Unhali,Local,1500,4404,4050.0,15.0,44.04,40.5,Rs/Quintal,Local Processed Dataset,2026-09-24 17:18:05
2026-09-18,Onion,23.0,Solapur,APMC Akluj,Maharashtra,Red,Local,1200,4700,3800.0,12.0,47.0,38.0,Rs/Quintal,Local Processed Dataset,2026-09-24 17:18:05
2026-09-18,Tomato,78.0,Nashik,APMC Chandwad,Maharashtra,Local,Local,700,1475,1125.0,7.0,14.75,11.25,Rs/Quintal,Local Processed Dataset,2026-09-24 17:18:05
2026-09-18,Tomato,78.0,Nashik,APMC Ghoti,Maharashtra,Other,Local,2000,2200,2100.0,20.0,22.0,21.0,Rs/Quintal,Local Processed Dataset,2026-09-24 17:18:05
2026-09-18,Tomato,78.0,Pune,APMC Khed,Maharashtra,Local,Local,500,1500,1000.0,5.0,15.0,10.0,Rs/Quintal,Local Processed Dataset,2026-09-24 17:18:05
2026-09-18,Tomato,78.0,Solapur,APMC Akluj,Maharashtra,Local,Local,700,1500,1000.0,7.0,15.0,10.0,Rs/Quintal,Local Processed Dataset,2026-09-24 17:18:05
2026-09-19,Onion,23.0,Chattrapati Sambhajinagar,APMC Paithan,Maharashtra,Unhali,Local,700,4455,4005.0,7.0,44.55,40.05,Rs/Quintal,Local Processed Dataset,2026-09-24 17:18:05
2026-09-19,Onion,23.0,Chattrapati Sambhajinagar,APMC Vaijpur,Maharashtra,Unhali,Local,1500,4640,3900.0,15.0,46.4,39.0,Rs/Quintal,Local Processed Dataset,2026-09-24 17:18:05
2026-09-19,Onion,23.0,Jalgaon,APMC Bhusaval,Maharashtra,Unhali,Local,4000,4000,4000.0,40.0,40.0,40.0,Rs/Quintal,Local Processed Dataset,2026-09-24 17:18:05
2026-09-19,Onion,23.0,Nashik,Pimpalgaon Baswant(Saykheda),Maharashtra,Unhali,Local,2350,4242,3650.0,23.5,42.42,36.5,Rs/Quintal,Local Processed Dataset,2026-09-24 17:18:05
2026-09-19,Onion,23.0,Nashik,Lasalgaon(Niphad),Maharashtra,Unhali,Local,1500,4372,4150.0,15.0,43.72,41.5,Rs/Quintal,Local Processed Dataset,2026-09-24 17:18:05
2026-09-19,Onion,23.0,Nashik,APMC Pimpalgaon Baswant,Maharashtra,Unhali,Local,1400,5999,4400.0,14.0,59.99,44.0,Rs/Quintal,Local Processed Dataset,2026-09-24 17:18:05
2026-09-19,Onion,23.0,Nashik,APMC Kalvan,Maharashtra,Unhali,Local,1100,5850,4200.0,11.0,58.5,42.0,Rs/Quintal,Local Processed Dataset,2026-09-24 17:18:05
2026-09-19,Onion,23.0,Nashik,APMC Yeola,Maharashtra,Unhali,Local,1000,4890,4000.0,10.0,48.9,40.0,Rs/Quintal,Local Processed Dataset,2026-09-24 17:18:05
2026-09-19,Onion,23.0,Pune,Khed(Chakan),Maharashtra,Other,Local,1800,4800,3500.0,18.0,48.0,35.0,Rs/Quintal,Local Processed Dataset,2026-09-24 17:18:05
2026-09-19,Onion,23.0,Solapur,APMC Solapur,Maharashtra,Red,Local,500,6200,3400.0,5.0,62.0,34.0,Rs/Quintal,Local Processed Dataset,2026-09-24 17:18:05
2026-09-19,Tomato,78.0,Nagpur,APMC Kamthi,Maharashtra,Local,Local,1500,2000,1750.0,15.0,20.0,17.5,Rs/Quintal,Local Processed Dataset,2026-09-24 17:18:05
2026-09-19,Tomato,78.0,Solapur,APMC Akluj,Maharashtra,Local,Local,1000,1600,1200.0,10.0,16.0,12.0,Rs/Quintal,Local Processed Dataset,2026-09-24 17:18:05
2026-09-20,Onion,23.0,Ahilyanagar,APMC Akole,Maharashtra,Unhali,Local,2001,4701,3700.0,20.01,47.01,37.0,Rs/Quintal,Local Processed Dataset,2026-09-24 17:18:05
2026-09-20,Onion,23.0,Ahilyanagar,APMC Newasa,Maharashtra,Unhali,Local,1500,4500,4000.0,15.0,45.0,40.0,Rs/Quintal,Local Processed Dataset,2026-09-24 17:18:05
2026-09-20,Onion,23.0,Ahilyanagar,APMC Parner,Maharashtra,Unhali,Local,1000,5000,4000.0,10.0,50.0,40.0,Rs/Quintal,Local Processed Dataset,2026-09-24 17:18:05
2026-09-20,Onion,23.0,Ahilyanagar,"Omchatinya Multi State Agro Purpose Co-Op Society, Dist Ahilyanagar",Maharashtra,Other,Local,1000,5500,4200.0,10.0,55.0,42.0,Rs/Quintal,Local Processed Dataset,2026-09-24 17:18:05
2026-09-20,Onion,23.0,Ahilyanagar,APMC Pathardi,Maharashtra,Red,Local,600,5000,2800.0,6.0,50.0,28.0,Rs/Quintal,Local Processed Dataset,2026-09-24 17:18:05
2026-09-20,Onion,23.0,Dharashiv,APMC Dharashiv,Maharashtra,Red,Local,3000,5000,4000.0,30.0,50.0,40.0,Rs/Quintal,Local Processed Dataset,2026-09-24 17:18:05
2026-09-20,Onion,23.0,Jalgaon,APMC Bhusaval,Maharashtra,Unhali,Local,4000,4500,4500.0,40.0,45.0,45.0,Rs/Quintal,Local Processed Dataset,2026-09-24 17:18:05
2026-09-20,Onion,23.0,Pune,Pune(Moshi),Maharashtra,Local,Local,2000,4500,3250.0,20.0,45.0,32.5,Rs/Quintal,Local Processed Dataset,2026-09-24 17:18:05
2026-09-20,Onion,23.0,Pune,Junnar(Alephata),Maharashtra,Chinchwad,Local,1800,5010,4100.0,18.0,50.1,41.0,Rs/Quintal,Local Processed Dataset,2026-09-24 17:18:05
2026-09-20,Onion,23.0,Pune,Junnar(Narayangaon),Maharashtra,Chinchwad,Local,800,5000,2900.0,8.0,50.0,29.0,Rs/Quintal,Local Processed Dataset,2026-09-24 17:18:05
2026-09-20,Tomato,78.0,Pune,APMC Pune,Maharashtra,Local,Local,600,1600,1100.0,6.0,16.0,11.0,Rs/Quintal,Local Processed Dataset,2026-09-24 17:18:05
2026-09-21,Onion,23.0,Ahilyanagar,"Shree Sairaj Krushi Market, Dist Ahilyanagar",Maharashtra,Local,Local,1000,4800,2550.0,10.0,48.0,25.5,Rs/Quintal,Local Processed Dataset,2026-09-24 17:18:05
2026-09-21,Onion,23.0,Amarawati,Amrawati(Frui & Veg. Market),Maharashtra,Red,Local,2000,4800,3400.0,20.0,48.0,34.0,Rs/Quintal,Local Processed Dataset,2026-09-24 17:18:05
2026-09-21,Onion,23.0,Dhule,APMC Dhule,Maharashtra,Red,Local,3300,4100,3600.0,33.0,41.0,36.0,Rs/Quintal,Local Processed Dataset,2026-09-24 17:18:05
2026-09-21,Onion,23.0,Nashik,APMC Yeola,Maharashtra,Unhali,Local,701,4646,3800.0,7.01,46.46,38.0,Rs/Quintal,Local Processed Dataset,2026-09-24 17:18:05
2026-09-21,Onion,23.0,Nashik,APMC Pimpalgaon Baswant,Maharashtra,Unhali,Local,1500,5700,4300.0,15.0,57.0,43.0,Rs/Quintal,Local Processed Dataset,2026-09-24 17:18:05
2026-09-21,Onion,23.0,Nashik,Dindori(Vani),Maharashtra,Unhali,Local,3801,5372,4251.0,38.01,53.72,42.51,Rs/Quintal,Local Processed Dataset,2026-09-24 17:18:05
2026-09-21,Onion,23.0,Nashik,Lasalgaon(Vinchur),Maharashtra,Unhali,Local,1200,5021,4000.0,12.0,50.21,40.0,Rs/Quintal,Local Processed Dataset,2026-09-24 17:18:05
2026-09-21,Onion,23.0,Nashik,APMC Nasik,Maharashtra,Unhali,Local,2050,4651,4100.0,20.5,46.51,41.0,Rs/Quintal,Local Processed Dataset,2026-09-24 17:18:05
2026-09-21,Onion,23.0,Nashik,APMC Nandgaon,Maharashtra,Unhali,Local,501,4154,3550.0,5.01,41.54,35.5,Rs/Quintal,Local Processed Dataset,2026-09-24 17:18:05
2026-09-21,Onion,23.0,Nashik,APMC Nampur,Maharashtra,Unhali,Local,600,4100,3400.0,6.0,41.0,34.0,Rs/Quintal,Local Processed Dataset,2026-09-24 17:18:05
2026-09-21,Onion,23.0,Nashik,APMC Sinner,Maharashtra,Unhali,Local,1500,4136,3900.0,15.0,41.36,39.0,Rs/Quintal,Local Processed Dataset,2026-09-24 17:18:05
2026-09-21,Onion,23.0,Nashik,APMC Kalvan,Maharashtra,Unhali,Local,1700,5200,3850.0,17.0,52.0,38.5,Rs/Quintal,Local Processed Dataset,2026-09-24 17:18:05
2026-09-21,Onion,23.0,Nashik,APMC Umrane,Maharashtra,Unhali,Local,1000,4625,3600.0,10.0,46.25,36.0,Rs/Quintal,Local Processed Dataset,2026-09-24 17:18:05
2026-09-21,Onion,23.0,Nashik,Lasalgaon(Niphad),Maharashtra,Unhali,Local,1500,4410,4000.0,15.0,44.1,40.0,Rs/Quintal,Local Processed Dataset,2026-09-24 17:18:05
2026-09-21,Onion,23.0,Pune,Pune(Manjri),Maharashtra,Local,Local,3000,5000,4000.0,30.0,50.0,40.0,Rs/Quintal,Local Processed Dataset,2026-09-24 17:18:05
2026-09-21,Onion,23.0,Pune,Pune(Moshi),Maharashtra,Local,Local,2000,4500,3250.0,20.0,45.0,32.5,Rs/Quintal,Local Processed Dataset,2026-09-24 17:18:05
2026-09-21,Onion,23.0,Pune,APMC Khed,Maharashtra,Fursungi,Local,2500,4500,3500.0,25.0,45.0,35.0,Rs/Quintal,Local Processed Dataset,2026-09-24 17:18:05
2026-09-21,Tomato,78.0,Nashik,APMC Ghoti,Maharashtra,Other,Local,2000,2100,2050.0,20.0,21.0,20.5,Rs/Quintal,Local Processed Dataset,2026-09-24 17:18:05
2026-09-22,Onion,23.0,Ahilyanagar,APMC Akole,Maharashtra,Unhali,Local,800,4451,2601.0,8.0,44.51,26.01,Rs/Quintal,Local Processed Dataset,2026-09-24 17:18:05
2026-09-22,Onion,23.0,Ahilyanagar,APMC Karjat,Maharashtra,Local,Local,1000,4200,2000.0,10.0,42.0,20.0,Rs/Quintal,Local Processed Dataset,2026-09-24 17:18:05
2026-09-22,Onion,23.0,Ahilyanagar,APMC Jamkhed,Maharashtra,Local,Local,1500,4500,3000.0,15.0,45.0,30.0,Rs/Quintal,Local Processed Dataset,2026-09-24 17:18:05
2026-09-22,Onion,23.0,Ahilyanagar,APMC Rahuri,Maharashtra,Other,Local,500,5255,2875.0,5.0,52.55,28.75,Rs/Quintal,Local Processed Dataset,2026-09-24 17:18:05
2026-09-22,Onion,23.0,Nagpur,APMC Nagpur,Maharashtra,Red,Local,3500,4500,4250.0,35.0,45.0,42.5,Rs/Quintal,Local Processed Dataset,2026-09-24 17:18:05
2026-09-22,Onion,23.0,Nagpur,APMC Nagpur,Maharashtra,White,Local,4500,5500,5250.0,45.0,55.0,52.5,Rs/Quintal,Local Processed Dataset,2026-09-24 17:18:05
2026-09-22,Onion,23.0,Nashik,APMC Sinner,Maharashtra,Unhali,Local,1500,4211,3900.0,15.0,42.11,39.0,Rs/Quintal,Local Processed Dataset,2026-09-24 17:18:05
2026-09-22,Onion,23.0,Nashik,APMC Chandwad,Maharashtra,Unhali,Local,200,4555,3745.0,2.0,45.55,37.45,Rs/Quintal,Local Processed Dataset,2026-09-24 17:18:05
2026-09-22,Onion,23.0,Nashik,APMC Devala,Maharashtra,Unhali,Local,1200,4705,4100.0,12.0,47.05,41.0,Rs/Quintal,Local Processed Dataset,2026-09-24 17:18:05
2026-09-22,Onion,23.0,Nashik,APMC Nampur,Maharashtra,Unhali,Local,1500,4265,3700.0,15.0,42.65,37.0,Rs/Quintal,Local Processed Dataset,2026-09-24 17:18:05
2026-09-22,Onion,23.0,Nashik,APMC Dindori,Maharashtra,Unhali,Local,3701,4880,4211.0,37.01,48.8,42.11,Rs/Quintal,Local Processed Dataset,2026-09-24 17:18:05
2026-09-22,Onion,23.0,Nashik,Pimpalgaon Baswant(Saykheda),Maharashtra,Unhali,Local,2175,4475,3700.0,21.75,44.75,37.0,Rs/Quintal,Local Processed Dataset,2026-09-24 17:18:05
2026-09-22,Onion,23.0,Nashik,APMC Lasalgaon,Maharashtra,Unhali,Local,1100,5081,4070.0,11.0,50.81,40.7,Rs/Quintal,Local Processed Dataset,2026-09-24 17:18:05
2026-09-22,Onion,23.0,Nashik,Lasalgaon(Niphad),Maharashtra,Unhali,Local,1500,4359,4050.0,15.0,43.59,40.5,Rs/Quintal,Local Processed Dataset,2026-09-24 17:18:05
2026-09-22,Onion,23.0,Nashik,Dindori(Vani),Maharashtra,Unhali,Local,3701,4880,4211.0,37.01,48.8,42.11,Rs/Quintal,Local Processed Dataset,2026-09-24 17:18:05
2026-09-22,Onion,23.0,Nashik,APMC Umrane,Maharashtra,Unhali,Local,1000,4812,3900.0,10.0,48.12,39.0,Rs/Quintal,Local Processed Dataset,2026-09-24 17:18:05
2026-09-22,Onion,23.0,Pune,Khed(Chakan),Maharashtra,Other,Local,2000,4500,3600.0,20.0,45.0,36.0,Rs/Quintal,Local Processed Dataset,2026-09-24 17:18:05
2026-09-22,Onion,23.0,Pune,Pune(Moshi),Maharashtra,Local,Local,2000,4500,3250.0,20.0,45.0,32.5,Rs/Quintal,Local Processed Dataset,2026-09-24 17:18:05
2026-09-22,Tomato,78.0,Pune,Pune(Pimpri),Maharashtra,Local,Local,1400,1400,1400.0,14.0,14.0,14.0,Rs/Quintal,Local Processed Dataset,2026-09-24 17:18:05
2026-09-23,Onion,23.0,Ahilyanagar,APMC Sangamner,Maharashtra,Unhali,Local,1000,5000,3000.0,10.0,50.0,30.0,Rs/Quintal,Local Processed Dataset,2026-09-24 17:18:05
2026-09-23,Onion,23.0,Dhule,APMC Sakri,Maharashtra,Unhali,Local,3400,4345,4000.0,34.0,43.45,40.0,Rs/Quintal,Local Processed Dataset,2026-09-24 17:18:05
2026-09-23,Onion,23.0,Jalgaon,APMC Bhusaval,Maharashtra,Unhali,Local,4500,45000,4500.0,45.0,450.0,45.0,Rs/Quintal,Local Processed Dataset,2026-09-24 17:18:05
2026-09-23,Onion,23.0,Nagpur,APMC Ramtek,Maharashtra,Unhali,Local,3000,5000,4000.0,30.0,50.0,40.0,Rs/Quintal,Local Processed Dataset,2026-09-24 17:18:05
2026-09-23,Onion,23.0,Nashik,APMC Chandwad,Maharashtra,Unhali,Local,500,4805,3830.0,5.0,48.05,38.3,Rs/Quintal,Local Processed Dataset,2026-09-24 17:18:05
2026-09-23,Onion,23.0,Nashik,APMC Sinner,Maharashtra,Unhali,Local,1500,4174,3800.0,15.0,41.74,38.0,Rs/Quintal,Local Processed Dataset,2026-09-24 17:18:05
2026-09-23,Onion,23.0,Nashik,APMC Pimpalgaon Baswant,Maharashtra,Unhali,Local,2100,5551,4400.0,21.0,55.51,44.0,Rs/Quintal,Local Processed Dataset,2026-09-24 17:18:05
2026-09-23,Tomato,78.0,Nagpur,APMC Kamthi,Maharashtra,Local,Local,1800,2000,1950.0,18.0,20.0,19.5,Rs/Quintal,Local Processed Dataset,2026-09-24 17:18:05
2026-09-23,Tomato,78.0,Pune,Pune(Pimpri),Maharashtra,Local,Local,1200,1800,1500.0,12.0,18.0,15.0,Rs/Quintal,Local Processed Dataset,2026-09-24 17:18:05
2026-09-24,Amla(Nelli Kai),,Mumbai,APMC Mumbai,Maharashtra,Other,Local,4000,7000,5500.0,40.0,70.0,55.0,Rs/Quintal,Local Processed Dataset,2026-09-24 17:18:05
2026-09-24,Amla(Nelli Kai),,Pune,Pune(Moshi),Maharashtra,Other,Local,8000,8000,8000.0,80.0,80.0,80.0,Rs/Quintal,Local Processed Dataset,2026-09-24 17:18:05
2026-09-24,Apple,,Nagpur,APMC Nagpur,Maharashtra,Other,Local,11000,13000,12500.0,110.0,130.0,125.0,Rs/Quintal,Local Processed Dataset,2026-09-24 17:18:05
2026-09-24,Apple,,Pune,Pune(Moshi),Maharashtra,Other,Local,12000,15000,13500.0,120.0,150.0,135.0,Rs/Quintal,Local Processed Dataset,2026-09-24 17:18:05
2026-09-24,Apple,,Thane,APMC Kalyan,Maharashtra,Other,Local,13000,16000,14500.0,130.0,160.0,145.0,Rs/Quintal,Local Processed Dataset,2026-09-24 17:18:05
2026-09-24,Bajra(Pearl Millet/Cumbu),,Ahilyanagar,APMC Karjat,Maharashtra,Other,Non-FAQ,2200,2500,2350.0,22.0,25.0,23.5,Rs/Quintal,Local Processed Dataset,2026-09-24 17:18:05
2026-09-24,Bajra(Pearl Millet/Cumbu),,Chattrapati Sambhajinagar,APMC Paithan,Maharashtra,Other,Non-FAQ,2690,2731,2721.0,26.9,27.31,27.21,Rs/Quintal,Local Processed Dataset,2026-09-24 17:18:05
2026-09-24,Bajra(Pearl Millet/Cumbu),,Jalgaon,Jalgaon(Masawat),Maharashtra,Other,Non-FAQ,2400,2400,2400.0,24.0,24.0,24.0,Rs/Quintal,Local Processed Dataset,2026-09-24 17:18:05
2026-09-24,Bajra(Pearl Millet/Cumbu),,Jalna,APMC Partur,Maharashtra,Other,Non-FAQ,2000,2320,2121.0,20.0,23.2,21.21,Rs/Quintal,Local Processed Dataset,2026-09-24 17:18:05
2026-09-24,Bajra(Pearl Millet/Cumbu),,Mumbai,APMC Mumbai,Maharashtra,Other,FAQ,2800,3500,3200.0,28.0,35.0,32.0,Rs/Quintal,Local Processed Dataset,2026-09-24 17:18:05
2026-09-24,Bajra(Pearl Millet/Cumbu),,Nandurbar,APMC Nandurbar,Maharashtra,Other,Non-FAQ,2670,2670,2670.0,26.7,26.7,26.7,Rs/Quintal,Local Processed Dataset,2026-09-24 17:18:05
2026-09-24,Bajra(Pearl Millet/Cumbu),,Nashik,APMC Devala,Maharashtra,Other,Non-FAQ,2195,2630,2400.0,21.95,26.3,24.0,Rs/Quintal,Local Processed Dataset,2026-09-24 17:18:05
2026-09-24,Bajra(Pearl Millet/Cumbu),,Nashik,APMC Sinner,Maharashtra,Other,FAQ,2810,2810,2810.0,28.1,28.1,28.1,Rs/Quintal,Local Processed Dataset,2026-09-24 17:18:05
2026-09-24,Bajra(Pearl Millet/Cumbu),,Pune,APMC Pune,Maharashtra,Other,FAQ,3500,3700,3600.0,35.0,37.0,36.0,Rs/Quintal,Local Processed Dataset,2026-09-24 17:18:05
2026-09-24,Banana,,Mumbai,Mumbai- Fruit Market,Maharashtra,Other,Local,3000,3500,3350.0,30.0,35.0,33.5,Rs/Quintal,Local Processed Dataset,2026-09-24 17:18:05
2026-09-24,Banana,,Pune,Pune(Moshi),Maharashtra,Other,Local,2000,6000,4000.0,20.0,60.0,40.0,Rs/Quintal,Local Processed Dataset,2026-09-24 17:18:05
2026-09-24,Banana,,Pune,APMC Pune,Maharashtra,Other,Local,500,1500,1000.0,5.0,15.0,10.0,Rs/Quintal,Local Processed Dataset,2026-09-24 17:18:05
2026-09-24,Banana - Green,,Mumbai,APMC Mumbai,Maharashtra,Other,Local,3000,4000,3500.0,30.0,40.0,35.0,Rs/Quintal,Local Processed Dataset,2026-09-24 17:18:05
2026-09-24,Beans,,Ahilyanagar,APMC Rahata,Maharashtra,Other,Local,2000,2500,2250.0,20.0,25.0,22.5,Rs/Quintal,Local Processed Dataset,2026-09-24 17:18:05
2026-09-24,Beans,,Mumbai,APMC Mumbai,Maharashtra,Other,Local,2400,3000,2700.0,24.0,30.0,27.0,Rs/Quintal,Local Processed Dataset,2026-09-24 17:18:05
2026-09-24,Beans,,Pune,APMC Pune,Maharashtra,Other,Local,2000,5000,3500.0,20.0,50.0,35.0,Rs/Quintal,Local Processed Dataset,2026-09-24 17:18:05
2026-09-24,Beans,,Pune,Pune(Moshi),Maharashtra,Other,Local,3000,4000,3500.0,30.0,40.0,35.0,Rs/Quintal,Local Processed Dataset,2026-09-24 17:18:05
2026-09-24,Beetroot,,Ahilyanagar,APMC Rahata,Maharashtra,Other,Local,2000,2500,2250.0,20.0,25.0,22.5,Rs/Quintal,Local Processed Dataset,2026-09-24 17:18:05
2026-09-24,Beetroot,,Mumbai,APMC Mumbai,Maharashtra,Other,Local,1600,2200,1900.0,16.0,22.0,19.0,Rs/Quintal,Local Processed Dataset,2026-09-24 17:18:05
2026-09-24,Beetroot,,Nagpur,APMC Nagpur,Maharashtra,Other,Local,2000,2500,2375.0,20.0,25.0,23.75,Rs/Quintal,Local Processed Dataset,2026-09-24 17:18:05
2026-09-24,Beetroot,,Pune,Pune(Moshi),Maharashtra,Other,Local,2000,2000,2000.0,20.0,20.0,20.0,Rs/Quintal,Local Processed Dataset,2026-09-24 17:18:05
2026-09-24,Beetroot,,Pune,APMC Pune,Maharashtra,Other,Local,600,2000,1300.0,6.0,20.0,13.0,Rs/Quintal,Local Processed Dataset,2026-09-24 17:18:05
2026-09-24,Bengal Gram Dal(Chana Dal),,Mumbai,APMC Mumbai,Maharashtra,Other,Local,7100,8500,7900.0,71.0,85.0,79.0,Rs/Quintal,Local Processed Dataset,2026-09-24 17:18:05
2026-09-24,Bengal Gram(Gram)(Whole),,Ahilyanagar,APMC Karjat,Maharashtra,Other,Non-FAQ,5000,5500,5200.0,50.0,55.0,52.0,Rs/Quintal,Local Processed Dataset,2026-09-24 17:18:05
2026-09-24,Bengal Gram(Gram)(Whole),,Akola,APMC Akola,Maharashtra,Kabul Small,Non-FAQ,4605,4605,4605.0,46.05,46.05,46.05,Rs/Quintal,Local Processed Dataset,2026-09-24 17:18:05
2026-09-24,Bengal Gram(Gram)(Whole),,Akola,APMC Akola,Maharashtra,Other,FAQ,5900,6905,6295.0,59.0,69.05,62.95,Rs/Quintal,Local Processed Dataset,2026-09-24 17:18:05
2026-09-24,Bengal Gram(Gram)(Whole),,Dharashiv,APMC Murum,Maharashtra,Other,FAQ,6000,6201,6100.0,60.0,62.01,61.0,Rs/Quintal,Local Processed Dataset,2026-09-24 17:18:05
2026-09-24,Bengal Gram(Gram)(Whole),,Latur,APMC  Latur,Maharashtra,Other,FAQ,6141,7251,7000.0,61.41,72.51,70.0,Rs/Quintal,Local Processed Dataset,2026-09-24 17:18:05
2026-09-24,Bengal Gram(Gram)(Whole),,Mumbai,APMC Mumbai,Maharashtra,Other,FAQ,6800,7800,7500.0,68.0,78.0,75.0,Rs/Quintal,Local Processed Dataset,2026-09-24 17:18:05
2026-09-24,Bengal Gram(Gram)(Whole),,Nagpur,APMC Nagpur,Maharashtra,Other,FAQ,6111,6832,6651.0,61.11,68.32,66.51,Rs/Quintal,Local Processed Dataset,2026-09-24 17:18:05
2026-09-24,Bengal Gram(Gram)(Whole),,Nashik,APMC Devala,Maharashtra,Other,FAQ,6400,6400,6400.0,64.0,64.0,64.0,Rs/Quintal,Local Processed Dataset,2026-09-24 17:18:05
2026-09-24,Bengal Gram(Gram)(Whole),,Pune,APMC Pune,Maharashtra,Other,FAQ,6500,7600,7050.0,65.0,76.0,70.5,Rs/Quintal,Local Processed Dataset,2026-09-24 17:18:05
2026-09-24,Bengal Gram(Gram)(Whole),,Thane,APMC Kalyan,Maharashtra,Other,FAQ,7500,9500,8500.0,75.0,95.0,85.0,Rs/Quintal,Local Processed Dataset,2026-09-24 17:18:05
2026-09-24,Bengal Gram(Gram)(Whole),,Washim,APMC Karanja,Maharashtra,Other,FAQ,6000,6855,6600.0,60.0,68.55,66.0,Rs/Quintal,Local Processed Dataset,2026-09-24 17:18:05
2026-09-24,Bhindi(Ladies Finger),,Ahilyanagar,APMC Shrirampur,Maharashtra,Other,Local,1000,2000,1500.0,10.0,20.0,15.0,Rs/Quintal,Local Processed Dataset,2026-09-24 17:18:05
2026-09-24,Bhindi(Ladies Finger),,Chattrapati Sambhajinagar,APMC Chattrapati Sambhajinagar,Maharashtra,Other,Local,1000,2200,1600.0,10.0,22.0,16.0,Rs/Quintal,Local Processed Dataset,2026-09-24 17:18:05
2026-09-24,Bhindi(Ladies Finger),,Jalgaon,APMC Bhusaval,Maharashtra,Other,Local,2000,2500,2200.0,20.0,25.0,22.0,Rs/Quintal,Local Processed Dataset,2026-09-24 17:18:05
2026-09-24,Bhindi(Ladies Finger),,Mumbai,APMC Mumbai,Maharashtra,Other,Local,3000,4000,3500.0,30.0,40.0,35.0,Rs/Quintal,Local Processed Dataset,2026-09-24 17:18:05
2026-09-24,Bhindi(Ladies Finger),,Nagpur,APMC Nagpur,Maharashtra,Other,Local,2000,3000,2750.0,20.0,30.0,27.5,Rs/Quintal,Local Processed Dataset,2026-09-24 17:18:05
2026-09-24,Bhindi(Ladies Finger),,Pune,Pune(Moshi),Maharashtra,Other,Local,2000,3000,2500.0,20.0,30.0,25.0,Rs/Quintal,Local Processed Dataset,2026-09-24 17:18:05
2026-09-24,Bhindi(Ladies Finger),,Pune,APMC Pune,Maharashtra,Other,Local,1000,3500,2250.0,10.0,35.0,22.5,Rs/Quintal,Local Processed Dataset,2026-09-24 17:18:05
2026-09-24,Bhindi(Ladies Finger),,Pune,Pune(Pimpri),Maharashtra,Other,Local,4000,4000,4000.0,40.0,40.0,40.0,Rs/Quintal,Local Processed Dataset,2026-09-24 17:18:05
2026-09-24,Bhindi(Ladies Finger),,Ratnagiri,APMC Ratnagiri (Nachane),Maharashtra,Other,Local,2000,3000,2500.0,20.0,30.0,25.0,Rs/Quintal,Local Processed Dataset,2026-09-24 17:18:05
2026-09-24,Bhindi(Ladies Finger),,Sangli,APMC Islampur,Maharashtra,Other,Local,1000,1500,1350.0,10.0,15.0,13.5,Rs/Quintal,Local Processed Dataset,2026-09-24 17:18:05
2026-09-24,Bhindi(Ladies Finger),,Sangli,APMC Vita,Maharashtra,Other,Local,1000,1500,1200.0,10.0,15.0,12.0,Rs/Quintal,Local Processed Dataset,2026-09-24 17:18:05
2026-09-24,Bitter gourd,,Ahilyanagar,APMC Rahata,Maharashtra,Other,Local,1500,2000,1750.0,15.0,20.0,17.5,Rs/Quintal,Local Processed Dataset,2026-09-24 17:18:05
2026-09-24,Bitter gourd,,Ahilyanagar,APMC Shrirampur,Maharashtra,Other,Local,1000,1500,1250.0,10.0,15.0,12.5,Rs/Quintal,Local Processed Dataset,2026-09-24 17:18:05
2026-09-24,Bitter gourd,,Jalgaon,APMC Bhusaval,Maharashtra,Other,Local,1500,2000,2000.0,15.0,20.0,20.0,Rs/Quintal,Local Processed Dataset,2026-09-24 17:18:05
2026-09-24,Bitter gourd,,Mumbai,APMC Mumbai,Maharashtra,Other,Local,1600,2200,1900.0,16.0,22.0,19.0,Rs/Quintal,Local Processed Dataset,2026-09-24 17:18:05
2026-09-24,Bitter gourd,,Pune,Pune(Moshi),Maharashtra,Other,Local,3000,4000,3500.0,30.0,40.0,35.0,Rs/Quintal,Local Processed Dataset,2026-09-24 17:18:05
2026-09-24,Bitter gourd,,Sangli,APMC Islampur,Maharashtra,Other,Local,1000,1200,1150.0,10.0,12.0,11.5,Rs/Quintal,Local Processed Dataset,2026-09-24 17:18:05
2026-09-24,Black Gram Dal(Urd Dal),,Mumbai,APMC Mumbai,Maharashtra,Other,Local,10000,12900,12000.0,100.0,129.0,120.0,Rs/Quintal,Local Processed Dataset,2026-09-24 17:18:05
2026-09-24,Black Gram(Urd Beans)(Whole),,Ahilyanagar,APMC Karjat,Maharashtra,Other,Non-FAQ,7000,7750,7500.0,70.0,77.5,75.0,Rs/Quintal,Local Processed Dataset,2026-09-24 17:18:05
2026-09-24,Black Gram(Urd Beans)(Whole),,Ahilyanagar,Karjat(Rashin),Maharashtra,Other,FAQ,8000,8500,8200.0,80.0,85.0,82.0,Rs/Quintal,Local Processed Dataset,2026-09-24 17:18:05
2026-09-24,Black Gram(Urd Beans)(Whole),,Ahilyanagar,APMC Karjat,Maharashtra,Other,FAQ,8100,8500,8400.0,81.0,85.0,84.0,Rs/Quintal,Local Processed Dataset,2026-09-24 17:18:05
2026-09-24,Black Gram(Urd Beans)(Whole),,Akola,APMC Akola,Maharashtra,Other,FAQ,8700,9710,9505.0,87.0,97.1,95.05,Rs/Quintal,Local Processed Dataset,2026-09-24 17:18:05
2026-09-24,Black Gram(Urd Beans)(Whole),,Amarawati,APMC Amarawati,Maharashtra,Other,Non-FAQ,6700,7350,7025.0,67.0,73.5,70.25,Rs/Quintal,Local Processed Dataset,2026-09-24 17:18:05
2026-09-24,Black Gram(Urd Beans)(Whole),,Dharashiv,APMC Murum,Maharashtra,Other,FAQ,8181,9200,8817.0,81.81,92.0,88.17,Rs/Quintal,Local Processed Dataset,2026-09-24 17:18:05
2026-09-24,Black Gram(Urd Beans)(Whole),,Latur,APMC Nilanga,Maharashtra,Other,FAQ,8200,8900,8600.0,82.0,89.0,86.0,Rs/Quintal,Local Processed Dataset,2026-09-24 17:18:05
2026-09-24,Black Gram(Urd Beans)(Whole),,Latur,APMC  Latur,Maharashtra,Other,FAQ,8800,9151,9050.0,88.0,91.51,90.5,Rs/Quintal,Local Processed Dataset,2026-09-24 17:18:05
2026-09-24,Black Gram(Urd Beans)(Whole),,Mumbai,APMC Mumbai,Maharashtra,Other,FAQ,9000,11600,10500.0,90.0,116.0,105.0,Rs/Quintal,Local Processed Dataset,2026-09-24 17:18:05
2026-09-24,Black Gram(Urd Beans)(Whole),,Nashik,APMC Malegaon,Maharashtra,Other,Non-FAQ,4301,4301,4301.0,43.01,43.01,43.01,Rs/Quintal,Local Processed Dataset,2026-09-24 17:18:05
2026-09-24,Black Gram(Urd Beans)(Whole),,Pune,APMC Pune,Maharashtra,Other,FAQ,9100,10100,9600.0,91.0,101.0,96.0,Rs/Quintal,Local Processed Dataset,2026-09-24 17:18:05
2026-09-24,Black Gram(Urd Beans)(Whole),,Solapur,APMC Mangal Wedha,Maharashtra,Other,FAQ,8700,8700,8700.0,87.0,87.0,87.0,Rs/Quintal,Local Processed Dataset,2026-09-24 17:18:05
2026-09-24,Black Gram(Urd Beans)(Whole),,Solapur,APMC Barshi,Maharashtra,Other,FAQ,8200,8800,8550.0,82.0,88.0,85.5,Rs/Quintal,Local Processed Dataset,2026-09-24 17:18:05
2026-09-24,Bottle gourd,,Ahilyanagar,APMC Rahata,Maharashtra,Other,Local,300,1000,650.0,3.0,10.0,6.5,Rs/Quintal,Local Processed Dataset,2026-09-24 17:18:05
2026-09-24,Bottle gourd,,Ahilyanagar,APMC Shrirampur,Maharashtra,Other,Local,300,500,400.0,3.0,5.0,4.0,Rs/Quintal,Local Processed Dataset,2026-09-24 17:18:05
2026-09-24,Bottle gourd,,Mumbai,APMC Mumbai,Maharashtra,Other,Local,1000,1600,1300.0,10.0,16.0,13.0,Rs/Quintal,Local Processed Dataset,2026-09-24 17:18:05
2026-09-24,Bottle gourd,,Nagpur,APMC Nagpur,Maharashtra,Other,Local,1000,1500,1375.0,10.0,15.0,13.75,Rs/Quintal,Local Processed Dataset,2026-09-24 17:18:05
2026-09-24,Bottle gourd,,Pune,Pune(Pimpri),Maharashtra,Other,Local,1000,3000,2000.0,10.0,30.0,20.0,Rs/Quintal,Local Processed Dataset,2026-09-24 17:18:05
2026-09-24,Bottle gourd,,Pune,Pune(Moshi),Maharashtra,Other,Local,2000,3000,2500.0,20.0,30.0,25.0,Rs/Quintal,Local Processed Dataset,2026-09-24 17:18:05
2026-09-24,Bottle gourd,,Pune,APMC Pune,Maharashtra,Other,Local,1000,3500,2250.0,10.0,35.0,22.5,Rs/Quintal,Local Processed Dataset,2026-09-24 17:18:05
2026-09-24,Bottle gourd,,Sangli,APMC Islampur,Maharashtra,Other,Local,1000,1200,1150.0,10.0,12.0,11.5,Rs/Quintal,Local Processed Dataset,2026-09-24 17:18:05
2026-09-24,Brinjal,,Ahilyanagar,APMC Shrirampur,Maharashtra,Other,Local,800,1200,1000.0,8.0,12.0,10.0,Rs/Quintal,Local Processed Dataset,2026-09-24 17:18:05
2026-09-24,Brinjal,,Chandrapur,Chandrapur(Ganjwad),Maharashtra,Other,Local,1000,2000,1500.0,10.0,20.0,15.0,Rs/Quintal,Local Processed Dataset,2026-09-24 17:18:05
2026-09-24,Brinjal,,Jalgaon,APMC Bhusaval,Maharashtra,Other,Local,3000,4000,3500.0,30.0,40.0,35.0,Rs/Quintal,Local Processed Dataset,2026-09-24 17:18:05
2026-09-24,Brinjal,,Mumbai,APMC Mumbai,Maharashtra,Other,Local,1600,2200,1900.0,16.0,22.0,19.0,Rs/Quintal,Local Processed Dataset,2026-09-24 17:18:05
2026-09-24,Brinjal,,Nashik,APMC Ghoti,Maharashtra,Other,Local,1800,2000,1900.0,18.0,20.0,19.0,Rs/Quintal,Local Processed Dataset,2026-09-24 17:18:05
2026-09-24,Brinjal,,Pune,APMC Pune,Maharashtra,Other,Local,1000,2000,1500.0,10.0,20.0,15.0,Rs/Quintal,Local Processed Dataset,2026-09-24 17:18:05
2026-09-24,Brinjal,,Pune,Pune(Moshi),Maharashtra,Other,Local,2000,3000,2500.0,20.0,30.0,25.0,Rs/Quintal,Local Processed Dataset,2026-09-24 17:18:05
2026-09-24,Brinjal,,Pune,Pune(Pimpri),Maharashtra,Other,Local,3500,3500,3500.0,35.0,35.0,35.0,Rs/Quintal,Local Processed Dataset,2026-09-24 17:18:05
2026-09-24,Brinjal,,Ratnagiri,APMC Ratnagiri (Nachane),Maharashtra,Other,Local,1500,2500,2000.0,15.0,25.0,20.0,Rs/Quintal,Local Processed Dataset,2026-09-24 17:18:05
2026-09-24,Brinjal,,Sangli,APMC Vita,Maharashtra,Other,Local,2000,2500,2300.0,20.0,25.0,23.0,Rs/Quintal,Local Processed Dataset,2026-09-24 17:18:05
2026-09-24,Cabbage,,Ahilyanagar,APMC Rahata,Maharashtra,Other,Local,400,1000,700.0,4.0,10.0,7.0,Rs/Quintal,Local Processed Dataset,2026-09-24 17:18:05
2026-09-24,Cabbage,,Ahilyanagar,APMC Shrirampur,Maharashtra,Other,Local,400,500,450.0,4.0,5.0,4.5,Rs/Quintal,Local Processed Dataset,2026-09-24 17:18:05
2026-09-24,Cabbage,,Mumbai,APMC Mumbai,Maharashtra,Other,Local,1000,1300,1150.0,10.0,13.0,11.5,Rs/Quintal,Local Processed Dataset,2026-09-24 17:18:05
2026-09-24,Cabbage,,Nagpur,APMC Nagpur,Maharashtra,Other,Local,800,1200,1100.0,8.0,12.0,11.0,Rs/Quintal,Local Processed Dataset,2026-09-24 17:18:05
2026-09-24,Cabbage,,Nashik,APMC Ghoti,Maharashtra,Other,Local,900,900,900.0,9.0,9.0,9.0,Rs/Quintal,Local Processed Dataset,2026-09-24 17:18:05
2026-09-24,Cabbage,,Pune,Pune(Pimpri),Maharashtra,Other,Local,1000,1200,1100.0,10.0,12.0,11.0,Rs/Quintal,Local Processed Dataset,2026-09-24 17:18:05
2026-09-24,Cabbage,,Pune,APMC Pune,Maharashtra,Other,Local,600,1200,900.0,6.0,12.0,9.0,Rs/Quintal,Local Processed Dataset,2026-09-24 17:18:05
2026-09-24,Cabbage,,Pune,Pune(Moshi),Maharashtra,Other,Local,700,1000,850.0,7.0,10.0,8.5,Rs/Quintal,Local Processed Dataset,2026-09-24 17:18:05
2026-09-24,Cabbage,,Ratnagiri,APMC Ratnagiri (Nachane),Maharashtra,Other,Local,1000,1400,1100.0,10.0,14.0,11.0,Rs/Quintal,Local Processed Dataset,2026-09-24 17:18:05
2026-09-24,Cabbage,,Sangli,APMC Islampur,Maharashtra,Other,Local,600,800,700.0,6.0,8.0,7.0,Rs/Quintal,Local Processed Dataset,2026-09-24 17:18:05
2026-09-24,Cabbage,,Thane,APMC Kalyan,Maharashtra,Other,Local,1000,1200,1100.0,10.0,12.0,11.0,Rs/Quintal,Local Processed Dataset,2026-09-24 17:18:05
2026-09-24,Carrot,,Ahilyanagar,APMC Rahata,Maharashtra,Other,Local,1500,2000,1750.0,15.0,20.0,17.5,Rs/Quintal,Local Processed Dataset,2026-09-24 17:18:05
2026-09-24,Carrot,,Chattrapati Sambhajinagar,APMC Chattrapati Sambhajinagar,Maharashtra,Other,Local,1800,2000,1900.0,18.0,20.0,19.0,Rs/Quintal,Local Processed Dataset,2026-09-24 17:18:05
2026-09-24,Carrot,,Pune,APMC Pune,Maharashtra,Other,Local,1500,3000,2250.0,15.0,30.0,22.5,Rs/Quintal,Local Processed Dataset,2026-09-24 17:18:05
2026-09-24,Carrot,,Pune,Pune(Moshi),Maharashtra,Other,Local,2000,2500,2250.0,20.0,25.0,22.5,Rs/Quintal,Local Processed Dataset,2026-09-24 17:18:05
2026-09-24,Cauliflower,,Ahilyanagar,APMC Rahata,Maharashtra,Other,Local,500,1000,750.0,5.0,10.0,7.5,Rs/Quintal,Local Processed Dataset,2026-09-24 17:18:05
2026-09-24,Cauliflower,,Chandrapur,Chandrapur(Ganjwad),Maharashtra,Other,Local,700,1500,1000.0,7.0,15.0,10.0,Rs/Quintal,Local Processed Dataset,2026-09-24 17:18:05
2026-09-24,Cauliflower,,Jalgaon,APMC Bhusaval,Maharashtra,Other,Local,1000,1500,1200.0,10.0,15.0,12.0,Rs/Quintal,Local Processed Dataset,2026-09-24 17:18:05
2026-09-24,Cauliflower,,Mumbai,APMC Mumbai,Maharashtra,Other,Local,1000,1600,1300.0,10.0,16.0,13.0,Rs/Quintal,Local Processed Dataset,2026-09-24 17:18:05
2026-09-24,Cauliflower,,Nashik,APMC Ghoti,Maharashtra,Other,Local,1400,1600,1500.0,14.0,16.0,15.0,Rs/Quintal,Local Processed Dataset,2026-09-24 17:18:05
2026-09-24,Cauliflower,,Pune,Pune(Moshi),Maharashtra,Other,Local,1000,1500,1250.0,10.0,15.0,12.5,Rs/Quintal,Local Processed Dataset,2026-09-24 17:18:05
2026-09-24,Cauliflower,,Pune,APMC Pune,Maharashtra,Other,Local,800,2000,1400.0,8.0,20.0,14.0,Rs/Quintal,Local Processed Dataset,2026-09-24 17:18:05
2026-09-24,Cauliflower,,Pune,Pune(Pimpri),Maharashtra,Other,Local,2000,2000,2000.0,20.0,20.0,20.0,Rs/Quintal,Local Processed Dataset,2026-09-24 17:18:05
2026-09-24,Cauliflower,,Sangli,APMC Islampur,Maharashtra,Other,Local,1000,2000,1500.0,10.0,20.0,15.0,Rs/Quintal,Local Processed Dataset,2026-09-24 17:18:05
2026-09-24,Chikoos(Sapota),,Chattrapati Sambhajinagar,APMC Chattrapati Sambhajinagar,Maharashtra,Other,Local,5000,8000,6500.0,50.0,80.0,65.0,Rs/Quintal,Local Processed Dataset,2026-09-24 17:18:05
2026-09-24,Chikoos(Sapota),,Pune,Pune(Moshi),Maharashtra,Other,Local,5000,5000,5000.0,50.0,50.0,50.0,Rs/Quintal,Local Processed Dataset,2026-09-24 17:18:05
2026-09-24,Chikoos(Sapota),,Pune,APMC Pune,Maharashtra,Other,Local,2500,5000,3700.0,25.0,50.0,37.0,Rs/Quintal,Local Processed Dataset,2026-09-24 17:18:05
2026-09-24,Chili Red,,Nagpur,APMC Nagpur,Maharashtra,Other,Local,14000,18000,17000.0,140.0,180.0,170.0,Rs/Quintal,Local Processed Dataset,2026-09-24 17:18:05
2026-09-24,Chilly Capsicum,,Mumbai,APMC Mumbai,Maharashtra,Other,Local,2400,3400,2900.0,24.0,34.0,29.0,Rs/Quintal,Local Processed Dataset,2026-09-24 17:18:05
2026-09-24,Chilly Capsicum,,Nashik,APMC Ghoti,Maharashtra,Other,Local,2000,2000,2000.0,20.0,20.0,20.0,Rs/Quintal,Local Processed Dataset,2026-09-24 17:18:05
2026-09-24,Chilly Capsicum,,Pune,Pune(Moshi),Maharashtra,Other,Local,2000,3000,2500.0,20.0,30.0,25.0,Rs/Quintal,Local Processed Dataset,2026-09-24 17:18:05
2026-09-24,Chilly Capsicum,,Pune,APMC Pune,Maharashtra,Other,Local,1000,3000,2000.0,10.0,30.0,20.0,Rs/Quintal,Local Processed Dataset,2026-09-24 17:18:05
2026-09-24,Chilly Capsicum,,Ratnagiri,APMC Ratnagiri (Nachane),Maharashtra,Other,Local,2500,3000,2800.0,25.0,30.0,28.0,Rs/Quintal,Local Processed Dataset,2026-09-24 17:18:05
2026-09-24,Cinamon(Dalchini),,Mumbai,APMC Mumbai,Maharashtra,Other,Local,19000,20000,19500.0,190.0,200.0,195.0,Rs/Quintal,Local Processed Dataset,2026-09-24 17:18:05
2026-09-24,Coriander(Leaves),,Jalgaon,APMC Bhusaval,Maharashtra,Other,Local,2200,3300,2500.0,22.0,33.0,25.0,Rs/Quintal,Local Processed Dataset,2026-09-24 17:18:05
2026-09-24,Coriander(Leaves),,Mumbai,APMC Mumbai,Maharashtra,Other,Local,500,1000,750.0,5.0,10.0,7.5,Rs/Quintal,Local Processed Dataset,2026-09-24 17:18:05
2026-09-24,Coriander(Leaves),,Nagpur,APMC Nagpur,Maharashtra,Other,Local,3000,6000,5250.0,30.0,60.0,52.5,Rs/Quintal,Local Processed Dataset,2026-09-24 17:18:05
2026-09-24,Coriander(Leaves),,Pune,Pune(Pimpri),Maharashtra,Other,Local,7,8,8.0,0.07,0.08,0.08,Rs/Quintal,Local Processed Dataset,2026-09-24 17:18:05
2026-09-24,Corriander seed,,Nagpur,APMC Nagpur,Maharashtra,Other,Local,9800,10000,9950.0,98.0,100.0,99.5,Rs/Quintal,Local Processed Dataset,2026-09-24 17:18:05
2026-09-24,Cow,,Pune,Junnar(Alephata),Maharashtra,Other,Local,10000,118000,54000.0,100.0,1180.0,540.0,Rs/Quintal,Local Processed Dataset,2026-09-24 17:18:05
2026-09-24,Cowpea(Lobia/Karamani),,Mumbai,APMC Mumbai,Maharashtra,Other,Local,7000,10000,8700.0,70.0,100.0,87.0,Rs/Quintal,Local Processed Dataset,2026-09-24 17:18:05
2026-09-24,Cucumbar(Kheera),,Ahilyanagar,APMC Rahata,Maharashtra,Other,Local,500,2000,1250.0,5.0,20.0,12.5,Rs/Quintal,Local Processed Dataset,2026-09-24 17:18:05
2026-09-24,Cucumbar(Kheera),,Ahilyanagar,APMC Shrirampur,Maharashtra,Other,Local,1000,1500,1250.0,10.0,15.0,12.5,Rs/Quintal,Local Processed Dataset,2026-09-24 17:18:05
2026-09-24,Cucumbar(Kheera),,Chandrapur,Chandrapur(Ganjwad),Maharashtra,Other,Local,1000,2000,1500.0,10.0,20.0,15.0,Rs/Quintal,Local Processed Dataset,2026-09-24 17:18:05
2026-09-24,Cucumbar(Kheera),,Chattrapati Sambhajinagar,APMC Chattrapati Sambhajinagar,Maharashtra,Other,Local,1600,2500,2050.0,16.0,25.0,20.5,Rs/Quintal,Local Processed Dataset,2026-09-24 17:18:05
2026-09-24,Cucumbar(Kheera),,Jalgaon,APMC Bhusaval,Maharashtra,Other,Local,1000,1500,1200.0,10.0,15.0,12.0,Rs/Quintal,Local Processed Dataset,2026-09-24 17:18:05
2026-09-24,Cucumbar(Kheera),,Mumbai,APMC Mumbai,Maharashtra,Other,Local,1600,2000,1800.0,16.0,20.0,18.0,Rs/Quintal,Local Processed Dataset,2026-09-24 17:18:05
2026-09-24,Cucumbar(Kheera),,Nagpur,APMC Kalmeshwar,Maharashtra,Other,Local,1045,1500,1365.0,10.45,15.0,13.65,Rs/Quintal,Local Processed Dataset,2026-09-24 17:18:05
2026-09-24,Cucumbar(Kheera),,Nagpur,APMC Nagpur,Maharashtra,Other,Local,1500,1800,1725.0,15.0,18.0,17.25,Rs/Quintal,Local Processed Dataset,2026-09-24 17:18:05
2026-09-24,Cucumbar(Kheera),,Nashik,APMC Ghoti,Maharashtra,Other,Local,1400,1600,1500.0,14.0,16.0,15.0,Rs/Quintal,Local Processed Dataset,2026-09-24 17:18:05
2026-09-24,Cucumbar(Kheera),,Pune,Pune(Pimpri),Maharashtra,Other,Local,1200,2200,1700.0,12.0,22.0,17.0,Rs/Quintal,Local Processed Dataset,2026-09-24 17:18:05
2026-09-24,Cucumbar(Kheera),,Pune,Pune(Moshi),Maharashtra,Other,Local,1000,2000,1500.0,10.0,20.0,15.0,Rs/Quintal,Local Processed Dataset,2026-09-24 17:18:05
2026-09-24,Cucumbar(Kheera),,Ratnagiri,APMC Ratnagiri (Nachane),Maharashtra,Other,Local,1000,2000,1500.0,10.0,20.0,15.0,Rs/Quintal,Local Processed Dataset,2026-09-24 17:18:05
2026-09-24,Cucumbar(Kheera),,Sangli,APMC Islampur,Maharashtra,Other,Local,2000,2500,2250.0,20.0,25.0,22.5,Rs/Quintal,Local Processed Dataset,2026-09-24 17:18:05
2026-09-24,Cucumbar(Kheera),,Thane,APMC Kalyan,Maharashtra,Other,Local,1500,2000,1750.0,15.0,20.0,17.5,Rs/Quintal,Local Processed Dataset,2026-09-24 17:18:05
2026-09-24,Cummin Seed(Jeera),,Mumbai,APMC Mumbai,Maharashtra,Other,Local,22000,38000,30000.0,220.0,380.0,300.0,Rs/Quintal,Local Processed Dataset,2026-09-24 17:18:05
2026-09-24,Drumstick,,Ahilyanagar,APMC Shrirampur,Maharashtra,Other,Local,2500,3500,3000.0,25.0,35.0,30.0,Rs/Quintal,Local Processed Dataset,2026-09-24 17:18:05
2026-09-24,Drumstick,,Ahilyanagar,APMC Rahata,Maharashtra,Other,Local,3000,6000,4500.0,30.0,60.0,45.0,Rs/Quintal,Local Processed Dataset,2026-09-24 17:18:05
2026-09-24,Drumstick,,Nagpur,APMC Nagpur,Maharashtra,Other,Local,3500,4000,3875.0,35.0,40.0,38.75,Rs/Quintal,Local Processed Dataset,2026-09-24 17:18:05
2026-09-24,Drumstick,,Pune,Pune(Moshi),Maharashtra,Other,Local,2500,3000,2750.0,25.0,30.0,27.5,Rs/Quintal,Local Processed Dataset,2026-09-24 17:18:05
2026-09-24,Elephant Yam(Suran)/Amorphophallus,,Pune,Pune(Moshi),Maharashtra,Other,Local,3000,3000,3000.0,30.0,30.0,30.0,Rs/Quintal,Local Processed Dataset,2026-09-24 17:18:05
2026-09-24,French Beans(Frasbean),,Mumbai,APMC Mumbai,Maharashtra,Other,Local,2400,3000,2700.0,24.0,30.0,27.0,Rs/Quintal,Local Processed Dataset,2026-09-24 17:18:05
2026-09-24,Garlic,,Ahilyanagar,APMC Rahata,Maharashtra,Other,Local,10000,12000,11000.0,100.0,120.0,110.0,Rs/Quintal,Local Processed Dataset,2026-09-24 17:18:05
2026-09-24,Garlic,,Nagpur,APMC Nagpur,Maharashtra,Other,Local,6000,20000,16500.0,60.0,200.0,165.0,Rs/Quintal,Local Processed Dataset,2026-09-24 17:18:05
2026-09-24,Garlic,,Pune,Pune(Moshi),Maharashtra,Other,Local,12000,12000,12000.0,120.0,120.0,120.0,Rs/Quintal,Local Processed Dataset,2026-09-24 17:18:05
2026-09-24,Garlic,,Thane,APMC Kalyan,Maharashtra,Other,Local,10000,20000,15000.0,100.0,200.0,150.0,Rs/Quintal,Local Processed Dataset,2026-09-24 17:18:05
2026-09-24,Ginger(Green),,Ahilyanagar,APMC Rahata,Maharashtra,Other,Local,6000,10000,8000.0,60.0,100.0,80.0,Rs/Quintal,Local Processed Dataset,2026-09-24 17:18:05
2026-09-24,Ginger(Green),,Jalgaon,APMC Bhusaval,Maharashtra,Other,Local,5000,5000,5000.0,50.0,50.0,50.0,Rs/Quintal,Local Processed Dataset,2026-09-24 17:18:05
2026-09-24,Ginger(Green),,Mumbai,APMC Mumbai,Maharashtra,Other,Local,6000,16000,11000.0,60.0,160.0,110.0,Rs/Quintal,Local Processed Dataset,2026-09-24 17:18:05
2026-09-24,Ginger(Green),,Nagpur,APMC Nagpur,Maharashtra,Other,Local,2000,9000,7250.0,20.0,90.0,72.5,Rs/Quintal,Local Processed Dataset,2026-09-24 17:18:05
2026-09-24,Ginger(Green),,Pune,Pune(Moshi),Maharashtra,Other,Local,10000,10000,10000.0,100.0,100.0,100.0,Rs/Quintal,Local Processed Dataset,2026-09-24 17:18:05
2026-09-24,Ginger(Green),,Pune,APMC Pune,Maharashtra,Other,Local,2000,14000,7000.0,20.0,140.0,70.0,Rs/Quintal,Local Processed Dataset,2026-09-24 17:18:05
2026-09-24,Ginger(Green),,Ratnagiri,APMC Ratnagiri (Nachane),Maharashtra,Other,Local,14000,17000,15000.0,140.0,170.0,150.0,Rs/Quintal,Local Processed Dataset,2026-09-24 17:18:05
2026-09-24,Ginger(Green),,Sangli,"Sangli(Phale, Bhajipala Market)",Maharashtra,Other,Local,7000,15000,11000.0,70.0,150.0,110.0,Rs/Quintal,Local Processed Dataset,2026-09-24 17:18:05
2026-09-24,Green Chilli,,Ahilyanagar,APMC Rahata,Maharashtra,Other,Local,2000,3000,2500.0,20.0,30.0,25.0,Rs/Quintal,Local Processed Dataset,2026-09-24 17:18:05
2026-09-24,Green Chilli,,Ahilyanagar,APMC Shrirampur,Maharashtra,Other,Local,2500,3500,3000.0,25.0,35.0,30.0,Rs/Quintal,Local Processed Dataset,2026-09-24 17:18:05
2026-09-24,Green Chilli,,Jalgaon,APMC Bhusaval,Maharashtra,Other,Local,4000,5000,4500.0,40.0,50.0,45.0,Rs/Quintal,Local Processed Dataset,2026-09-24 17:18:05
2026-09-24,Green Chilli,,Mumbai,APMC Mumbai,Maharashtra,Other,Local,2400,4000,3200.0,24.0,40.0,32.0,Rs/Quintal,Local Processed Dataset,2026-09-24 17:18:05
2026-09-24,Green Chilli,,Nagpur,APMC Nagpur,Maharashtra,Other,Local,2000,2700,2525.0,20.0,27.0,25.25,Rs/Quintal,Local Processed Dataset,2026-09-24 17:18:05
2026-09-24,Green Chilli,,Pune,Pune(Pimpri),Maharashtra,Other,Local,3500,3500,3500.0,35.0,35.0,35.0,Rs/Quintal,Local Processed Dataset,2026-09-24 17:18:05
2026-09-24,Green Chilli,,Pune,APMC Pune,Maharashtra,Other,Local,2000,3500,2750.0,20.0,35.0,27.5,Rs/Quintal,Local Processed Dataset,2026-09-24 17:18:05
2026-09-24,Green Chilli,,Pune,Pune(Moshi),Maharashtra,Other,Local,2500,3000,2750.0,25.0,30.0,27.5,Rs/Quintal,Local Processed Dataset,2026-09-24 17:18:05
2026-09-24,Green Chilli,,Ratnagiri,APMC Ratnagiri (Nachane),Maharashtra,Other,Local,3000,3500,3300.0,30.0,35.0,33.0,Rs/Quintal,Local Processed Dataset,2026-09-24 17:18:05
2026-09-24,Green Chilli,,Sangli,APMC Vita,Maharashtra,Other,Local,2500,3000,2800.0,25.0,30.0,28.0,Rs/Quintal,Local Processed Dataset,2026-09-24 17:18:05
2026-09-24,Green Chilli,,Sangli,APMC Islampur,Maharashtra,Other,Local,1000,2000,1700.0,10.0,20.0,17.0,Rs/Quintal,Local Processed Dataset,2026-09-24 17:18:05
2026-09-24,Green Gram Dal(Moong Dal),,Mumbai,APMC Mumbai,Maharashtra,Other,Local,9100,10500,10300.0,91.0,105.0,103.0,Rs/Quintal,Local Processed Dataset,2026-09-24 17:18:05
2026-09-24,Green Gram(Moong)(Whole),,Akola,APMC Akola,Maharashtra,Green (Whole),FAQ,8768,9155,8851.0,87.68,91.55,88.51,Rs/Quintal,Local Processed Dataset,2026-09-24 17:18:05
2026-09-24,Green Gram(Moong)(Whole),,Buldhana,APMC Malkapur,Maharashtra,Other,FAQ,9800,10125,10000.0,98.0,101.25,100.0,Rs/Quintal,Local Processed Dataset,2026-09-24 17:18:05
2026-09-24,Green Gram(Moong)(Whole),,Dharashiv,APMC Tuljapur,Maharashtra,Other,FAQ,10000,13001,12000.0,100.0,130.01,120.0,Rs/Quintal,Local Processed Dataset,2026-09-24 17:18:05
2026-09-24,Green Gram(Moong)(Whole),,Dharashiv,APMC Murum,Maharashtra,Green (Whole),Non-FAQ,8001,8001,8001.0,80.01,80.01,80.01,Rs/Quintal,Local Processed Dataset,2026-09-24 17:18:05
2026-09-24,Green Gram(Moong)(Whole),,Mumbai,APMC Mumbai,Maharashtra,Other,FAQ,8800,11000,10000.0,88.0,110.0,100.0,Rs/Quintal,Local Processed Dataset,2026-09-24 17:18:05
2026-09-24,Green Gram(Moong)(Whole),,Pune,APMC Pune,Maharashtra,Green (Whole),FAQ,8900,9800,9350.0,89.0,98.0,93.5,Rs/Quintal,Local Processed Dataset,2026-09-24 17:18:05
2026-09-24,Green Peas,,Ahilyanagar,APMC Rahata,Maharashtra,Other,Local,7000,7500,7250.0,70.0,75.0,72.5,Rs/Quintal,Local Processed Dataset,2026-09-24 17:18:05
2026-09-24,Green Peas,,Mumbai,APMC Mumbai,Maharashtra,Other,Local,4400,5400,5200.0,44.0,54.0,52.0,Rs/Quintal,Local Processed Dataset,2026-09-24 17:18:05
2026-09-24,Green Peas,,Mumbai,APMC Mumbai,Maharashtra,White Fozi,Local,4500,5500,5100.0,45.0,55.0,51.0,Rs/Quintal,Local Processed Dataset,2026-09-24 17:18:05
2026-09-24,Ground Nut Seed,,Mumbai,APMC Mumbai,Maharashtra,Other,Local,8000,15000,12100.0,80.0,150.0,121.0,Rs/Quintal,Local Processed Dataset,2026-09-24 17:18:05
2026-09-24,Ground Nut Seed,,Pune,APMC Pune,Maharashtra,Local,Local,12900,13800,13350.0,129.0,138.0,133.5,Rs/Quintal,Local Processed Dataset,2026-09-24 17:18:05
2026-09-24,Guar,,Ahilyanagar,APMC Rahata,Maharashtra,Other,Local,5000,10000,7500.0,50.0,100.0,75.0,Rs/Quintal,Local Processed Dataset,2026-09-24 17:18:05
2026-09-24,Guar,,Jalgaon,APMC Bhusaval,Maharashtra,Other,Local,5000,5000,5000.0,50.0,50.0,50.0,Rs/Quintal,Local Processed Dataset,2026-09-24 17:18:05
2026-09-24,Guar,,Nagpur,APMC Nagpur,Maharashtra,Other,Local,4000,6000,5500.0,40.0,60.0,55.0,Rs/Quintal,Local Processed Dataset,2026-09-24 17:18:05
2026-09-24,Guar,,Pune,Pune(Moshi),Maharashtra,Other,Local,4000,5000,4500.0,40.0,50.0,45.0,Rs/Quintal,Local Processed Dataset,2026-09-24 17:18:05
2026-09-24,Guar,,Pune,APMC Pune,Maharashtra,Other,Local,2500,7000,4750.0,25.0,70.0,47.5,Rs/Quintal,Local Processed Dataset,2026-09-24 17:18:05
2026-09-24,Guar,,Ratnagiri,APMC Ratnagiri (Nachane),Maharashtra,Other,Local,3500,4000,3700.0,35.0,40.0,37.0,Rs/Quintal,Local Processed Dataset,2026-09-24 17:18:05
2026-09-24,Guar,,Thane,APMC Kalyan,Maharashtra,Other,Local,3500,4500,4000.0,35.0,45.0,40.0,Rs/Quintal,Local Processed Dataset,2026-09-24 17:18:05
2026-09-24,Guava,,Chattrapati Sambhajinagar,APMC Chattrapati Sambhajinagar,Maharashtra,Other,Local,3500,7000,5250.0,35.0,70.0,52.5,Rs/Quintal,Local Processed Dataset,2026-09-24 17:18:05
2026-09-24,Guava,,Mumbai,Mumbai- Fruit Market,Maharashtra,Other,Local,3000,6000,4500.0,30.0,60.0,45.0,Rs/Quintal,Local Processed Dataset,2026-09-24 17:18:05
2026-09-24,Guava,,Sangli,"Sangli(Phale, Bhajipala Market)",Maharashtra,Other,Local,2000,7000,4500.0,20.0,70.0,45.0,Rs/Quintal,Local Processed Dataset,2026-09-24 17:18:05
2026-09-24,Gur(Jaggery),,Mumbai,APMC Mumbai,Maharashtra,Other,Local,5400,6200,5800.0,54.0,62.0,58.0,Rs/Quintal,Local Processed Dataset,2026-09-24 17:18:05
2026-09-24,Gur(Jaggery),,Pune,APMC Pune,Maharashtra,Other,Local,4825,5015,4920.0,48.25,50.15,49.2,Rs/Quintal,Local Processed Dataset,2026-09-24 17:18:05
2026-09-24,Jowar(Sorghum),,Ahilyanagar,APMC Karjat,Maharashtra,Other,Local,3000,5000,4500.0,30.0,50.0,45.0,Rs/Quintal,Local Processed Dataset,2026-09-24 17:18:05
2026-09-24,Jowar(Sorghum),,Ahilyanagar,Karjat(Rashin),Maharashtra,Other,Local,4000,5000,4000.0,40.0,50.0,40.0,Rs/Quintal,Local Processed Dataset,2026-09-24 17:18:05
2026-09-24,Jowar(Sorghum),,Beed,APMC Ambejogai,Maharashtra,Other,FAQ,4240,4300,4300.0,42.4,43.0,43.0,Rs/Quintal,Local Processed Dataset,2026-09-24 17:18:05
2026-09-24,Jowar(Sorghum),,Dharashiv,APMC Tuljapur,Maharashtra,Jowar ( White),Local,3000,6100,5500.0,30.0,61.0,55.0,Rs/Quintal,Local Processed Dataset,2026-09-24 17:18:05
2026-09-24,Jowar(Sorghum),,Jalgaon,Jalgaon(Masawat),Maharashtra,Other,Non-FAQ,2600,2600,2600.0,26.0,26.0,26.0,Rs/Quintal,Local Processed Dataset,2026-09-24 17:18:05
2026-09-24,Jowar(Sorghum),,Kolhapur,Kolhapur(Laxmipuri),Maharashtra,Other,Local,3900,6000,4950.0,39.0,60.0,49.5,Rs/Quintal,Local Processed Dataset,2026-09-24 17:18:05
2026-09-24,Jowar(Sorghum),,Mumbai,APMC Mumbai,Maharashtra,Other,Local,2600,6200,4600.0,26.0,62.0,46.0,Rs/Quintal,Local Processed Dataset,2026-09-24 17:18:05
2026-09-24,Jowar(Sorghum),,Nandurbar,APMC Nandurbar,Maharashtra,Other,Local,2300,2670,2525.0,23.0,26.7,25.25,Rs/Quintal,Local Processed Dataset,2026-09-24 17:18:05
2026-09-24,Jowar(Sorghum),,Pune,APMC Pune,Maharashtra,Other,FAQ,6200,6900,6550.0,62.0,69.0,65.5,Rs/Quintal,Local Processed Dataset,2026-09-24 17:18:05
2026-09-24,Lentil(Masur)(Whole),,Mumbai,APMC Mumbai,Maharashtra,Other,FAQ,7050,7200,7100.0,70.5,72.0,71.0,Rs/Quintal,Local Processed Dataset,2026-09-24 17:18:05
2026-09-24,Lentil(Masur)(Whole),,Pune,APMC Pune,Maharashtra,Other,FAQ,7000,7400,7200.0,70.0,74.0,72.0,Rs/Quintal,Local Processed Dataset,2026-09-24 17:18:05
2026-09-24,Lime,,Ahilyanagar,APMC Shrirampur,Maharashtra,Other,Local,5000,7000,6000.0,50.0,70.0,60.0,Rs/Quintal,Local Processed Dataset,2026-09-24 17:18:05
2026-09-24,Lime,,Jalgaon,APMC Bhusaval,Maharashtra,Other,Local,7500,12000,8500.0,75.0,120.0,85.0,Rs/Quintal,Local Processed Dataset,2026-09-24 17:18:05
2026-09-24,Lime,,Mumbai,APMC Mumbai,Maharashtra,Other,Local,4000,6000,5000.0,40.0,60.0,50.0,Rs/Quintal,Local Processed Dataset,2026-09-24 17:18:05
2026-09-24,Lime,,Nagpur,APMC Nagpur,Maharashtra,Other,Local,9500,10000,9875.0,95.0,100.0,98.75,Rs/Quintal,Local Processed Dataset,2026-09-24 17:18:05
2026-09-24,Lime,,Pune,Pune(Moshi),Maharashtra,Other,Local,16000,20000,18000.0,160.0,200.0,180.0,Rs/Quintal,Local Processed Dataset,2026-09-24 17:18:05
2026-09-24,Lime,,Pune,APMC Pune,Maharashtra,Other,Local,400,3000,1700.0,4.0,30.0,17.0,Rs/Quintal,Local Processed Dataset,2026-09-24 17:18:05
2026-09-24,Little gourd(Kundru),,Mumbai,APMC Mumbai,Maharashtra,Other,Local,2000,4000,3000.0,20.0,40.0,30.0,Rs/Quintal,Local Processed Dataset,2026-09-24 17:18:05
2026-09-24,Little gourd(Kundru),,Pune,APMC Pune,Maharashtra,Other,Local,1500,3000,2250.0,15.0,30.0,22.5,Rs/Quintal,Local Processed Dataset,2026-09-24 17:18:05
2026-09-24,Little gourd(Kundru),,Pune,Pune(Moshi),Maharashtra,Other,Local,3500,3500,3500.0,35.0,35.0,35.0,Rs/Quintal,Local Processed Dataset,2026-09-24 17:18:05
2026-09-24,Maize,,Ahilyanagar,APMC Karjat,Maharashtra,Other,FAQ,2400,2500,2450.0,24.0,25.0,24.5,Rs/Quintal,Local Processed Dataset,2026-09-24 17:18:05
2026-09-24,Maize,,Ahilyanagar,APMC Karjat,Maharashtra,Other,Non-FAQ,1600,2300,2000.0,16.0,23.0,20.0,Rs/Quintal,Local Processed Dataset,2026-09-24 17:18:05
2026-09-24,Maize,,Ahilyanagar,Karjat(Rashin),Maharashtra,Yellow,Non-FAQ,2200,2350,2350.0,22.0,23.5,23.5,Rs/Quintal,Local Processed Dataset,2026-09-24 17:18:05
2026-09-24,Maize,,Amarawati,APMC Amarawati,Maharashtra,Deshi Red,Non-FAQ,2100,2300,2200.0,21.0,23.0,22.0,Rs/Quintal,Local Processed Dataset,2026-09-24 17:18:05
2026-09-24,Maize,,Buldhana,APMC Malkapur,Maharashtra,Yellow,Non-FAQ,1651,2390,2250.0,16.51,23.9,22.5,Rs/Quintal,Local Processed Dataset,2026-09-24 17:18:05
2026-09-24,Maize,,Chattrapati Sambhajinagar,APMC Gangapur,Maharashtra,Yellow,Non-FAQ,2100,2100,2100.0,21.0,21.0,21.0,Rs/Quintal,Local Processed Dataset,2026-09-24 17:18:05
2026-09-24,Maize,,Nagpur,APMC Nagpur,Maharashtra,Other,Non-FAQ,2100,2350,2287.0,21.0,23.5,22.87,Rs/Quintal,Local Processed Dataset,2026-09-24 17:18:05
2026-09-24,Maize,,Nashik,APMC Devala,Maharashtra,Yellow,Non-FAQ,2330,2345,2345.0,23.3,23.45,23.45,Rs/Quintal,Local Processed Dataset,2026-09-24 17:18:05
2026-09-24,Maize,,Pune,APMC Pune,Maharashtra,Deshi Red,FAQ,2600,3000,2800.0,26.0,30.0,28.0,Rs/Quintal,Local Processed Dataset,2026-09-24 17:18:05
2026-09-24,Mango(Raw-Ripe),,Mumbai,APMC Mumbai,Maharashtra,Other,Local,6000,10000,8000.0,60.0,100.0,80.0,Rs/Quintal,Local Processed Dataset,2026-09-24 17:18:05
2026-09-24,Marigold(Calcutta),,Jalgaon,APMC Bhusaval,Maharashtra,Other,Local,1000,1500,1200.0,10.0,15.0,12.0,Rs/Quintal,Local Processed Dataset,2026-09-24 17:18:05
2026-09-24,Methi Seeds,,Mumbai,APMC Mumbai,Maharashtra,Methiseeds,Local,7000,9000,8000.0,70.0,90.0,80.0,Rs/Quintal,Local Processed Dataset,2026-09-24 17:18:05
2026-09-24,Methi(Leaves),,Ahilyanagar,APMC Shrirampur,Maharashtra,Other,Local,8,10,9.0,0.08,0.1,0.09,Rs/Quintal,Local Processed Dataset,2026-09-24 17:18:05
2026-09-24,Methi(Leaves),,Jalgaon,APMC Bhusaval,Maharashtra,Other,Local,1000,1500,1200.0,10.0,15.0,12.0,Rs/Quintal,Local Processed Dataset,2026-09-24 17:18:05
2026-09-24,Methi(Leaves),,Mumbai,APMC Mumbai,Maharashtra,Other,Local,1400,1600,1500.0,14.0,16.0,15.0,Rs/Quintal,Local Processed Dataset,2026-09-24 17:18:05
2026-09-24,Mint(Pudina),,Pune,Pune(Moshi),Maharashtra,Other,Local,8,8,8.0,0.08,0.08,0.08,Rs/Quintal,Local Processed Dataset,2026-09-24 17:18:05
2026-09-24,Mousambi(Sweet Lime),,Ahilyanagar,APMC Shrirampur,Maharashtra,Other,Local,3000,4000,3500.0,30.0,40.0,35.0,Rs/Quintal,Local Processed Dataset,2026-09-24 17:18:05
2026-09-24,Mousambi(Sweet Lime),,Mumbai,Mumbai- Fruit Market,Maharashtra,Other,Local,3000,6000,4500.0,30.0,60.0,45.0,Rs/Quintal,Local Processed Dataset,2026-09-24 17:18:05
2026-09-24,Mousambi(Sweet Lime),,Nagpur,APMC Nagpur,Maharashtra,Other,Local,900,2200,1875.0,9.0,22.0,18.75,Rs/Quintal,Local Processed Dataset,2026-09-24 17:18:05
2026-09-24,Mousambi(Sweet Lime),,Pune,Pune(Moshi),Maharashtra,Other,Local,5000,5000,5000.0,50.0,50.0,50.0,Rs/Quintal,Local Processed Dataset,2026-09-24 17:18:05
2026-09-24,Mousambi(Sweet Lime),,Pune,APMC Pune,Maharashtra,Other,Local,3000,6000,4500.0,30.0,60.0,45.0,Rs/Quintal,Local Processed Dataset,2026-09-24 17:18:05
2026-09-24,Mustard,,Mumbai,APMC Mumbai,Maharashtra,Other,FAQ,8000,10000,9000.0,80.0,100.0,90.0,Rs/Quintal,Local Processed Dataset,2026-09-24 17:18:05
2026-09-24,Onion,,Ahilyanagar,APMC Newasa,Maharashtra,Unhali,Local,1500,4100,3700.0,15.0,41.0,37.0,Rs/Quintal,Local Processed Dataset,2026-09-24 17:18:05
2026-09-24,Onion,,Akola,APMC Akola,Maharashtra,Other,Local,2000,4500,3200.0,20.0,45.0,32.0,Rs/Quintal,Local Processed Dataset,2026-09-24 17:18:05
2026-09-24,Onion,,Buldhana,APMC Malkapur,Maharashtra,Local,Local,2150,3100,3000.0,21.5,31.0,30.0,Rs/Quintal,Local Processed Dataset,2026-09-24 17:18:05
2026-09-24,Onion,,Chandrapur,Chandrapur(Ganjwad),Maharashtra,Other,Local,5000,6500,5700.0,50.0,65.0,57.0,Rs/Quintal,Local Processed Dataset,2026-09-24 17:18:05
2026-09-24,Onion,,Chattrapati Sambhajinagar,APMC Chattrapati Sambhajinagar,Maharashtra,Other,Local,1700,4500,3100.0,17.0,45.0,31.0,Rs/Quintal,Local Processed Dataset,2026-09-24 17:18:05
2026-09-24,Onion,,Jalgaon,APMC Bhusaval,Maharashtra,Unhali,Local,3500,4000,4000.0,35.0,40.0,40.0,Rs/Quintal,Local Processed Dataset,2026-09-24 17:18:05
2026-09-24,Onion,,Kolhapur,APMC Kolhapur,Maharashtra,Other,Local,1000,5000,2800.0,10.0,50.0,28.0,Rs/Quintal,Local Processed Dataset,2026-09-24 17:18:05
2026-09-24,Onion,,Mumbai,Mumbai-Onion & Potato Market,Maharashtra,Other,Local,2800,4700,3750.0,28.0,47.0,37.5,Rs/Quintal,Local Processed Dataset,2026-09-24 17:18:05
2026-09-24,Onion,,Nagpur,APMC Nagpur,Maharashtra,Red,Local,3500,4500,4250.0,35.0,45.0,42.5,Rs/Quintal,Local Processed Dataset,2026-09-24 17:18:05
2026-09-24,Onion,,Nagpur,APMC Nagpur,Maharashtra,White,Local,4500,5500,5250.0,45.0,55.0,52.5,Rs/Quintal,Local Processed Dataset,2026-09-24 17:18:05
2026-09-24,Onion,,Nashik,Lasalgaon(Vinchur),Maharashtra,Unhali,Local,1200,4690,4000.0,12.0,46.9,40.0,Rs/Quintal,Local Processed Dataset,2026-09-24 17:18:05
2026-09-24,Onion,,Nashik,APMC Yeola,Maharashtra,Unhali,Local,503,4561,3675.0,5.03,45.61,36.75,Rs/Quintal,Local Processed Dataset,2026-09-24 17:18:05
2026-09-24,Onion,,Nashik,APMC Devala,Maharashtra,Unhali,Local,700,4300,3925.0,7.0,43.0,39.25,Rs/Quintal,Local Processed Dataset,2026-09-24 17:18:05
2026-09-24,Onion,,Nashik,APMC Pimpalgaon Baswant,Maharashtra,Unhali,Local,2200,5480,4300.0,22.0,54.8,43.0,Rs/Quintal,Local Processed Dataset,2026-09-24 17:18:05
2026-09-24,Onion,,Nashik,APMC Chandwad,Maharashtra,Unhali,Local,1200,4790,3930.0,12.0,47.9,39.3,Rs/Quintal,Local Processed Dataset,2026-09-24 17:18:05
2026-09-24,Onion,,Nashik,Lasalgaon(Niphad),Maharashtra,Unhali,Local,1500,4400,4050.0,15.0,44.0,40.5,Rs/Quintal,Local Processed Dataset,2026-09-24 17:18:05
2026-09-24,Onion,,Nashik,APMC Manmad,Maharashtra,Unhali,Local,1000,4444,4000.0,10.0,44.44,40.0,Rs/Quintal,Local Processed Dataset,2026-09-24 17:18:05
2026-09-24,Onion,,Nashik,APMC Kalvan,Maharashtra,Unhali,Local,1500,5400,3851.0,15.0,54.0,38.51,Rs/Quintal,Local Processed Dataset,2026-09-24 17:18:05
2026-09-24,Onion,,Nashik,APMC Satana,Maharashtra,Unhali,Local,905,4755,3800.0,9.05,47.55,38.0,Rs/Quintal,Local Processed Dataset,2026-09-24 17:18:05
2026-09-24,Onion,,Pune,Pune(Pimpri),Maharashtra,Local,Local,3500,4500,4000.0,35.0,45.0,40.0,Rs/Quintal,Local Processed Dataset,2026-09-24 17:18:05
2026-09-24,Onion,,Pune,APMC Pune,Maharashtra,Local,Local,1000,4700,2850.0,10.0,47.0,28.5,Rs/Quintal,Local Processed Dataset,2026-09-24 17:18:05
2026-09-24,Onion,,Pune,Pune(Moshi),Maharashtra,Local,Local,2000,4000,3000.0,20.0,40.0,30.0,Rs/Quintal,Local Processed Dataset,2026-09-24 17:18:05
2026-09-24,Onion,,Sangli,APMC Islampur,Maharashtra,Local,Local,3000,5000,4500.0,30.0,50.0,45.0,Rs/Quintal,Local Processed Dataset,2026-09-24 17:18:05
2026-09-24,Onion,,Sangli,APMC Vita,Maharashtra,Other,Local,4500,5500,5200.0,45.0,55.0,52.0,Rs/Quintal,Local Processed Dataset,2026-09-24 17:18:05
2026-09-24,Onion,,Sangli,"Sangli(Phale, Bhajipala Market)",Maharashtra,Local,Local,1600,4800,3200.0,16.0,48.0,32.0,Rs/Quintal,Local Processed Dataset,2026-09-24 17:18:05
2026-09-24,Onion,,Solapur,APMC Solapur,Maharashtra,Red,Local,500,5500,2900.0,5.0,55.0,29.0,Rs/Quintal,Local Processed Dataset,2026-09-24 17:18:05
2026-09-24,Onion,,Thane,APMC Kalyan,Maharashtra,1st Sort,Local,4000,6000,5000.0,40.0,60.0,50.0,Rs/Quintal,Local Processed Dataset,2026-09-24 17:18:05
2026-09-24,Onion Green,,Jalgaon,APMC Bhusaval,Maharashtra,Other,Local,2500,2500,2500.0,25.0,25.0,25.0,Rs/Quintal,Local Processed Dataset,2026-09-24 17:18:05
2026-09-24,Onion Green,,Mumbai,APMC Mumbai,Maharashtra,Other,Local,500,1200,850.0,5.0,12.0,8.5,Rs/Quintal,Local Processed Dataset,2026-09-24 17:18:05
2026-09-24,Onion Green,,Pune,Pune(Moshi),Maharashtra,Other,Local,15,20,18.0,0.15,0.2,0.18,Rs/Quintal,Local Processed Dataset,2026-09-24 17:18:05
2026-09-24,Onion Green,,Pune,APMC Pune,Maharashtra,Other,Local,5,15,10.0,0.05,0.15,0.1,Rs/Quintal,Local Processed Dataset,2026-09-24 17:18:05
2026-09-24,Onion Green,,Solapur,APMC Solapur,Maharashtra,Other,Local,700,1300,1000.0,7.0,13.0,10.0,Rs/Quintal,Local Processed Dataset,2026-09-24 17:18:05
2026-09-24,Orange,,Mumbai,Mumbai- Fruit Market,Maharashtra,Other,Local,5000,10000,7500.0,50.0,100.0,75.0,Rs/Quintal,Local Processed Dataset,2026-09-24 17:18:05
2026-09-24,Orange,,Nagpur,APMC Nagpur,Maharashtra,Other,Local,1000,3000,2500.0,10.0,30.0,25.0,Rs/Quintal,Local Processed Dataset,2026-09-24 17:18:05
2026-09-24,Orange,,Nashik,APMC Nasik,Maharashtra,Other,Local,2500,5000,3500.0,25.0,50.0,35.0,Rs/Quintal,Local Processed Dataset,2026-09-24 17:18:05
2026-09-24,Orange,,Pune,Pune(Moshi),Maharashtra,Other,Local,7000,7000,7000.0,70.0,70.0,70.0,Rs/Quintal,Local Processed Dataset,2026-09-24 17:18:05
2026-09-24,Paddy(Common),,Chandrapur,APMC Sindevahi,Maharashtra,Other,FAQ,2600,2650,2600.0,26.0,26.5,26.0,Rs/Quintal,Local Processed Dataset,2026-09-24 17:18:05
2026-09-24,Paddy(Common),,Gadchiroli,Armori(Desaiganj),Maharashtra,Other,FAQ,2700,3690,3296.0,27.0,36.9,32.96,Rs/Quintal,Local Processed Dataset,2026-09-24 17:18:05
2026-09-24,Paddy(Common),,Gadchiroli,Armori(Desaiganj),Maharashtra,Other,Non-FAQ,2000,2100,2087.0,20.0,21.0,20.87,Rs/Quintal,Local Processed Dataset,2026-09-24 17:18:05
2026-09-24,Paddy(Common),,Gondiya,APMC Gondiya,Maharashtra,Other,Non-FAQ,2151,2151,2151.0,21.51,21.51,21.51,Rs/Quintal,Local Processed Dataset,2026-09-24 17:18:05
2026-09-24,Paddy(Common),,Gondiya,APMC Gondiya,Maharashtra,Other,FAQ,2660,2660,2660.0,26.6,26.6,26.6,Rs/Quintal,Local Processed Dataset,2026-09-24 17:18:05
2026-09-24,Paddy(Common),,Raigad,APMC Roha,Maharashtra,Other,FAQ,2370,2450,2410.0,23.7,24.5,24.1,Rs/Quintal,Local Processed Dataset,2026-09-24 17:18:05
2026-09-24,Paddy(Common),,Raigad,APMC Karjat(Raigad),Maharashtra,Other,FAQ,2369,2450,2400.0,23.69,24.5,24.0,Rs/Quintal,Local Processed Dataset,2026-09-24 17:18:05
2026-09-24,Papaya,,Amarawati,Amrawati(Frui & Veg. Market),Maharashtra,Other,Local,3000,4000,3500.0,30.0,40.0,35.0,Rs/Quintal,Local Processed Dataset,2026-09-24 17:18:05
2026-09-24,Papaya,,Chattrapati Sambhajinagar,APMC Chattrapati Sambhajinagar,Maharashtra,Other,Local,3500,4000,3750.0,35.0,40.0,37.5,Rs/Quintal,Local Processed Dataset,2026-09-24 17:18:05
2026-09-24,Papaya,,Mumbai,Mumbai- Fruit Market,Maharashtra,Other,Local,2000,3500,2750.0,20.0,35.0,27.5,Rs/Quintal,Local Processed Dataset,2026-09-24 17:18:05
2026-09-24,Papaya,,Pune,Pune(Moshi),Maharashtra,Other,Local,3000,3000,3000.0,30.0,30.0,30.0,Rs/Quintal,Local Processed Dataset,2026-09-24 17:18:05
2026-09-24,Peas Wet,,Mumbai,APMC Mumbai,Maharashtra,Other,Local,6000,7000,6500.0,60.0,70.0,65.0,Rs/Quintal,Local Processed Dataset,2026-09-24 17:18:05
2026-09-24,Peas Wet,,Pune,APMC Pune,Maharashtra,Other,Local,3000,6000,4500.0,30.0,60.0,45.0,Rs/Quintal,Local Processed Dataset,2026-09-24 17:18:05
2026-09-24,Peas Wet,,Pune,Pune(Moshi),Maharashtra,Other,Local,7000,8000,7500.0,70.0,80.0,75.0,Rs/Quintal,Local Processed Dataset,2026-09-24 17:18:05
2026-09-24,Pineapple,,Nagpur,APMC Nagpur,Maharashtra,Other,Local,1000,3000,2500.0,10.0,30.0,25.0,Rs/Quintal,Local Processed Dataset,2026-09-24 17:18:05
2026-09-24,Pineapple,,Pune,Pune(Moshi),Maharashtra,Other,Local,5000,5000,5000.0,50.0,50.0,50.0,Rs/Quintal,Local Processed Dataset,2026-09-24 17:18:05
2026-09-24,Pointed gourd(Parval),,Nagpur,APMC Nagpur,Maharashtra,Other,Local,2000,2500,2375.0,20.0,25.0,23.75,Rs/Quintal,Local Processed Dataset,2026-09-24 17:18:05
2026-09-24,Pointed gourd(Parval),,Pune,Pune(Moshi),Maharashtra,Other,Local,5000,5000,5000.0,50.0,50.0,50.0,Rs/Quintal,Local Processed Dataset,2026-09-24 17:18:05
2026-09-24,Pointed gourd(Parval),,Pune,APMC Pune,Maharashtra,Other,Local,2000,3500,2750.0,20.0,35.0,27.5,Rs/Quintal,Local Processed Dataset,2026-09-24 17:18:05
2026-09-24,Pomegranate,,Ahilyanagar,APMC Shrirampur,Maharashtra,Other,Local,1500,22500,12000.0,15.0,225.0,120.0,Rs/Quintal,Local Processed Dataset,2026-09-24 17:18:05
2026-09-24,Pomegranate,,Amarawati,Amrawati(Frui & Veg. Market),Maharashtra,Other,Local,8000,9000,8500.0,80.0,90.0,85.0,Rs/Quintal,Local Processed Dataset,2026-09-24 17:18:05
2026-09-24,Pomegranate,,Mumbai,Mumbai- Fruit Market,Maharashtra,Other,Local,8000,16000,12000.0,80.0,160.0,120.0,Rs/Quintal,Local Processed Dataset,2026-09-24 17:18:05
2026-09-24,Pomegranate,,Nashik,APMC Nasik,Maharashtra,Other,Local,350,15000,12000.0,3.5,150.0,120.0,Rs/Quintal,Local Processed Dataset,2026-09-24 17:18:05
2026-09-24,Pomegranate,,Pune,Pune(Moshi),Maharashtra,Other,Local,8000,10000,9000.0,80.0,100.0,90.0,Rs/Quintal,Local Processed Dataset,2026-09-24 17:18:05
2026-09-24,Pomegranate,,Sangli,"Sangli(Phale, Bhajipala Market)",Maharashtra,Other,Local,2000,12000,7000.0,20.0,120.0,70.0,Rs/Quintal,Local Processed Dataset,2026-09-24 17:18:05
2026-09-24,Potato,,Ahilyanagar,APMC Rahata,Maharashtra,Other,Local,1000,1200,1100.0,10.0,12.0,11.0,Rs/Quintal,Local Processed Dataset,2026-09-24 17:18:05
2026-09-24,Potato,,Akola,APMC Akola,Maharashtra,Other,Local,600,1200,900.0,6.0,12.0,9.0,Rs/Quintal,Local Processed Dataset,2026-09-24 17:18:05
2026-09-24,Potato,,Chattrapati Sambhajinagar,APMC Chattrapati Sambhajinagar,Maharashtra,Other,Local,600,900,750.0,6.0,9.0,7.5,Rs/Quintal,Local Processed Dataset,2026-09-24 17:18:05
2026-09-24,Potato,,Jalgaon,APMC Bhusaval,Maharashtra,Other,Local,1500,2000,1800.0,15.0,20.0,18.0,Rs/Quintal,Local Processed Dataset,2026-09-24 17:18:05
2026-09-24,Potato,,Pune,Pune(Moshi),Maharashtra,Local,Local,900,1200,1050.0,9.0,12.0,10.5,Rs/Quintal,Local Processed Dataset,2026-09-24 17:18:05
2026-09-24,Potato,,Sangli,APMC Vita,Maharashtra,Other,Local,1600,1800,1700.0,16.0,18.0,17.0,Rs/Quintal,Local Processed Dataset,2026-09-24 17:18:05
2026-09-24,Potato,,Sangli,APMC Islampur,Maharashtra,Other,Local,1200,1800,1500.0,12.0,18.0,15.0,Rs/Quintal,Local Processed Dataset,2026-09-24 17:18:05
2026-09-24,Pumpkin,,Mumbai,APMC Mumbai,Maharashtra,Other,Local,800,1200,1000.0,8.0,12.0,10.0,Rs/Quintal,Local Processed Dataset,2026-09-24 17:18:05
2026-09-24,Pumpkin,,Nagpur,APMC Kalmeshwar,Maharashtra,Other,Local,1050,1500,1310.0,10.5,15.0,13.1,Rs/Quintal,Local Processed Dataset,2026-09-24 17:18:05
2026-09-24,Pumpkin,,Pune,APMC Pune,Maharashtra,Other,Local,1000,2000,1500.0,10.0,20.0,15.0,Rs/Quintal,Local Processed Dataset,2026-09-24 17:18:05
2026-09-24,Pumpkin,,Pune,Pune(Moshi),Maharashtra,Other,Local,3000,3000,3000.0,30.0,30.0,30.0,Rs/Quintal,Local Processed Dataset,2026-09-24 17:18:05
2026-09-24,Raddish,,Chandrapur,Chandrapur(Ganjwad),Maharashtra,Other,Local,1000,2000,1500.0,10.0,20.0,15.0,Rs/Quintal,Local Processed Dataset,2026-09-24 17:18:05
2026-09-24,Raddish,,Jalgaon,APMC Bhusaval,Maharashtra,Other,Local,800,1000,1000.0,8.0,10.0,10.0,Rs/Quintal,Local Processed Dataset,2026-09-24 17:18:05
2026-09-24,Raddish,,Mumbai,APMC Mumbai,Maharashtra,Other,Local,3000,4000,3500.0,30.0,40.0,35.0,Rs/Quintal,Local Processed Dataset,2026-09-24 17:18:05
2026-09-24,Raddish,,Pune,Pune(Moshi),Maharashtra,Other,Local,10,10,10.0,0.1,0.1,0.1,Rs/Quintal,Local Processed Dataset,2026-09-24 17:18:05
2026-09-24,Ragi(Finger Millet),,Pune,APMC Pune,Maharashtra,Other,FAQ,5000,6000,5500.0,50.0,60.0,55.0,Rs/Quintal,Local Processed Dataset,2026-09-24 17:18:05
2026-09-24,Red gram/Arhar/Tur(whole),,Akola,APMC Akola,Maharashtra,Other,FAQ,8250,9705,9170.0,82.5,97.05,91.7,Rs/Quintal,Local Processed Dataset,2026-09-24 17:18:05
2026-09-24,Red gram/Arhar/Tur(whole),,Amarawati,APMC Chandur Railway,Maharashtra,Other,FAQ,8000,8900,8500.0,80.0,89.0,85.0,Rs/Quintal,Local Processed Dataset,2026-09-24 17:18:05
2026-09-24,Red gram/Arhar/Tur(whole),,Latur,APMC  Latur,Maharashtra,Other,FAQ,8751,9481,9300.0,87.51,94.81,93.0,Rs/Quintal,Local Processed Dataset,2026-09-24 17:18:05
2026-09-24,Red gram/Arhar/Tur(whole),,Nagpur,APMC Savner,Maharashtra,Other,FAQ,9087,9145,9110.0,90.87,91.45,91.1,Rs/Quintal,Local Processed Dataset,2026-09-24 17:18:05
2026-09-24,Red gram/Arhar/Tur(whole),,Nagpur,APMC Katol,Maharashtra,Other,FAQ,8270,8850,8550.0,82.7,88.5,85.5,Rs/Quintal,Local Processed Dataset,2026-09-24 17:18:05
2026-09-24,Red gram/Arhar/Tur(whole),,Washim,APMC Karanja,Maharashtra,Other,FAQ,8405,9255,8975.0,84.05,92.55,89.75,Rs/Quintal,Local Processed Dataset,2026-09-24 17:18:05
2026-09-24,Rice,,Kolhapur,Kolhapur(Laxmipuri),Maharashtra,1009 Kar,Local,3300,9700,5000.0,33.0,97.0,50.0,Rs/Quintal,Local Processed Dataset,2026-09-24 17:18:05
2026-09-24,Rice,,Mumbai,APMC Mumbai,Maharashtra,Other,Local,8000,11000,10000.0,80.0,110.0,100.0,Rs/Quintal,Local Processed Dataset,2026-09-24 17:18:05
2026-09-24,Rice,,Nagpur,APMC Nagpur,Maharashtra,Other,Local,6200,6500,6425.0,62.0,65.0,64.25,Rs/Quintal,Local Processed Dataset,2026-09-24 17:18:05
2026-09-24,Rice,,Palghar,APMC  VASAI,Maharashtra,1009 Kar,Local,2790,4750,3590.0,27.9,47.5,35.9,Rs/Quintal,Local Processed Dataset,2026-09-24 17:18:05
2026-09-24,Rice,,Palghar,APMC Palghar,Maharashtra,1009 Kar,Local,4575,4575,4575.0,45.75,45.75,45.75,Rs/Quintal,Local Processed Dataset,2026-09-24 17:18:05
2026-09-24,Rice,,Raigad,APMC Mangaon,Maharashtra,Other,Local,1900,4800,3800.0,19.0,48.0,38.0,Rs/Quintal,Local Processed Dataset,2026-09-24 17:18:05
2026-09-24,Ridgeguard(Tori),,Chattrapati Sambhajinagar,APMC Chattrapati Sambhajinagar,Maharashtra,Other,Local,1500,3500,2500.0,15.0,35.0,25.0,Rs/Quintal,Local Processed Dataset,2026-09-24 17:18:05
2026-09-24,Ridgeguard(Tori),,Mumbai,APMC Mumbai,Maharashtra,Other,Local,1600,2400,2000.0,16.0,24.0,20.0,Rs/Quintal,Local Processed Dataset,2026-09-24 17:18:05
2026-09-24,Ridgeguard(Tori),,Pune,Pune(Pimpri),Maharashtra,Other,Local,4000,4500,4250.0,40.0,45.0,42.5,Rs/Quintal,Local Processed Dataset,2026-09-24 17:18:05
2026-09-24,Ridgeguard(Tori),,Pune,APMC Pune,Maharashtra,Other,Local,2000,3500,2750.0,20.0,35.0,27.5,Rs/Quintal,Local Processed Dataset,2026-09-24 17:18:05
2026-09-24,Ridgeguard(Tori),,Pune,Pune(Moshi),Maharashtra,Other,Local,2500,3000,2750.0,25.0,30.0,27.5,Rs/Quintal,Local Processed Dataset,2026-09-24 17:18:05
2026-09-24,Ridgeguard(Tori),,Thane,APMC Kalyan,Maharashtra,Other,Local,2000,3500,2500.0,20.0,35.0,25.0,Rs/Quintal,Local Processed Dataset,2026-09-24 17:18:05
2026-09-24,Safflower,,Akola,APMC Akola,Maharashtra,Other,Non-FAQ,5100,5100,5100.0,51.0,51.0,51.0,Rs/Quintal,Local Processed Dataset,2026-09-24 17:18:05
2026-09-24,Safflower,,Latur,APMC  Latur,Maharashtra,Other,Non-FAQ,4651,5850,5280.0,46.51,58.5,52.8,Rs/Quintal,Local Processed Dataset,2026-09-24 17:18:05
2026-09-24,Seetapal,,Pune,Pune(Moshi),Maharashtra,Other,Local,6000,6000,6000.0,60.0,60.0,60.0,Rs/Quintal,Local Processed Dataset,2026-09-24 17:18:05
2026-09-24,"Sesamum(Sesame,Gingelly,Til)",,Mumbai,APMC Mumbai,Maharashtra,Other,FAQ,14000,18000,16000.0,140.0,180.0,160.0,Rs/Quintal,Local Processed Dataset,2026-09-24 17:18:05
2026-09-24,Snakeguard,,Mumbai,APMC Mumbai,Maharashtra,Other,Local,800,1000,900.0,8.0,10.0,9.0,Rs/Quintal,Local Processed Dataset,2026-09-24 17:18:05
2026-09-24,Snakeguard,,Pune,APMC Pune,Maharashtra,Other,Local,1500,3000,2250.0,15.0,30.0,22.5,Rs/Quintal,Local Processed Dataset,2026-09-24 17:18:05
2026-09-24,Soyabean,,Dharashiv,APMC Murum,Maharashtra,Yellow,Non-FAQ,5211,5300,5256.0,52.11,53.0,52.56,Rs/Quintal,Local Processed Dataset,2026-09-24 17:18:05
2026-09-24,Soyabean,,Hingoli,APMC Hingoli,Maharashtra,Other,Local,5400,5500,5450.0,54.0,55.0,54.5,Rs/Quintal,Local Processed Dataset,2026-09-24 17:18:05
2026-09-24,Soyabean,,Nagpur,APMC Nagpur,Maharashtra,Other,Local,5000,5100,5075.0,50.0,51.0,50.75,Rs/Quintal,Local Processed Dataset,2026-09-24 17:18:05
2026-09-24,Spinach,,Ahilyanagar,APMC Rahata,Maharashtra,Other,Local,8,8,8.0,0.08,0.08,0.08,Rs/Quintal,Local Processed Dataset,2026-09-24 17:18:05
2026-09-24,Spinach,,Ahilyanagar,APMC Shrirampur,Maharashtra,Other,Local,5,6,5.0,0.05,0.06,0.05,Rs/Quintal,Local Processed Dataset,2026-09-24 17:18:05
2026-09-24,Spinach,,Jalgaon,APMC Bhusaval,Maharashtra,Other,Local,3000,3000,3000.0,30.0,30.0,30.0,Rs/Quintal,Local Processed Dataset,2026-09-24 17:18:05
2026-09-24,Spinach,,Mumbai,APMC Mumbai,Maharashtra,Other,Local,600,1000,800.0,6.0,10.0,8.0,Rs/Quintal,Local Processed Dataset,2026-09-24 17:18:05
2026-09-24,Spinach,,Nagpur,APMC Kalmeshwar,Maharashtra,Other,Local,2035,2500,2355.0,20.35,25.0,23.55,Rs/Quintal,Local Processed Dataset,2026-09-24 17:18:05
2026-09-24,Spinach,,Pune,Pune(Moshi),Maharashtra,Other,Local,10,10,10.0,0.1,0.1,0.1,Rs/Quintal,Local Processed Dataset,2026-09-24 17:18:05
2026-09-24,Sugar,,Mumbai,APMC Mumbai,Maharashtra,Other,Local,5100,5300,5200.0,51.0,53.0,52.0,Rs/Quintal,Local Processed Dataset,2026-09-24 17:18:05
2026-09-24,Sweet Potato,,Mumbai,APMC Mumbai,Maharashtra,Other,Local,2000,3000,2500.0,20.0,30.0,25.0,Rs/Quintal,Local Processed Dataset,2026-09-24 17:18:05
2026-09-24,Sweet Potato,,Pune,Pune(Moshi),Maharashtra,Other,Local,3000,3000,3000.0,30.0,30.0,30.0,Rs/Quintal,Local Processed Dataset,2026-09-24 17:18:05
2026-09-24,Sweet Pumpkin,,Mumbai,APMC Mumbai,Maharashtra,Other,Local,600,1000,800.0,6.0,10.0,8.0,Rs/Quintal,Local Processed Dataset,2026-09-24 17:18:05
2026-09-24,Sweet Pumpkin,,Pune,APMC Pune,Maharashtra,Other,Local,700,2000,1350.0,7.0,20.0,13.5,Rs/Quintal,Local Processed Dataset,2026-09-24 17:18:05
2026-09-24,Tender Coconut,,Nashik,APMC Nasik,Maharashtra,Other,Local,4000,6500,4500.0,40.0,65.0,45.0,Rs/Quintal,Local Processed Dataset,2026-09-24 17:18:05
2026-09-24,Tomato,,Ahilyanagar,APMC Shrirampur,Maharashtra,Other,Local,500,1000,750.0,5.0,10.0,7.5,Rs/Quintal,Local Processed Dataset,2026-09-24 17:18:05
2026-09-24,Tomato,,Ahilyanagar,APMC Rahata,Maharashtra,Other,Local,500,1250,850.0,5.0,12.5,8.5,Rs/Quintal,Local Processed Dataset,2026-09-24 17:18:05
2026-09-24,Tomato,,Chandrapur,Chandrapur(Ganjwad),Maharashtra,Other,Local,800,1200,1000.0,8.0,12.0,10.0,Rs/Quintal,Local Processed Dataset,2026-09-24 17:18:05
2026-09-24,Tomato,,Chattrapati Sambhajinagar,APMC Chattrapati Sambhajinagar,Maharashtra,Other,Local,400,1000,700.0,4.0,10.0,7.0,Rs/Quintal,Local Processed Dataset,2026-09-24 17:18:05
2026-09-24,Tomato,,Jalgaon,APMC Bhusaval,Maharashtra,Other,Local,500,1000,800.0,5.0,10.0,8.0,Rs/Quintal,Local Processed Dataset,2026-09-24 17:18:05
2026-09-24,Tomato,,Kolhapur,APMC Kolhapur,Maharashtra,Other,Local,500,1500,1000.0,5.0,15.0,10.0,Rs/Quintal,Local Processed Dataset,2026-09-24 17:18:05
2026-09-24,Tomato,,Mumbai,APMC Mumbai,Maharashtra,Other,Local,2000,2500,2250.0,20.0,25.0,22.5,Rs/Quintal,Local Processed Dataset,2026-09-24 17:18:05
2026-09-24,Tomato,,Nagpur,APMC Kalmeshwar,Maharashtra,Other,Local,1440,1800,1660.0,14.4,18.0,16.6,Rs/Quintal,Local Processed Dataset,2026-09-24 17:18:05
2026-09-24,Tomato,,Nagpur,APMC Nagpur,Maharashtra,Local,Local,1000,2500,2125.0,10.0,25.0,21.25,Rs/Quintal,Local Processed Dataset,2026-09-24 17:18:05
2026-09-24,Tomato,,Nagpur,APMC Nagpur,Maharashtra,Other,Local,1000,1500,1375.0,10.0,15.0,13.75,Rs/Quintal,Local Processed Dataset,2026-09-24 17:18:05
2026-09-24,Tomato,,Nashik,APMC Ghoti,Maharashtra,Other,Local,2000,2200,2100.0,20.0,22.0,21.0,Rs/Quintal,Local Processed Dataset,2026-09-24 17:18:05
2026-09-24,Tomato,,Pune,Pune(Pimpri),Maharashtra,Local,Local,1400,1600,1500.0,14.0,16.0,15.0,Rs/Quintal,Local Processed Dataset,2026-09-24 17:18:05
2026-09-24,Tomato,,Pune,APMC Pune,Maharashtra,Local,Local,600,1600,1100.0,6.0,16.0,11.0,Rs/Quintal,Local Processed Dataset,2026-09-24 17:18:05
2026-09-24,Tomato,,Pune,Pune(Moshi),Maharashtra,Local,Local,800,1000,900.0,8.0,10.0,9.0,Rs/Quintal,Local Processed Dataset,2026-09-24 17:18:05
2026-09-24,Tomato,,Raigad,APMC Panvel,Maharashtra,Other,Local,2500,3000,2750.0,25.0,30.0,27.5,Rs/Quintal,Local Processed Dataset,2026-09-24 17:18:05
2026-09-24,Tomato,,Ratnagiri,APMC Ratnagiri (Nachane),Maharashtra,Other,Local,1000,1400,1200.0,10.0,14.0,12.0,Rs/Quintal,Local Processed Dataset,2026-09-24 17:18:05
2026-09-24,Tomato,,Sangli,APMC Islampur,Maharashtra,Other,Local,1500,2000,1800.0,15.0,20.0,18.0,Rs/Quintal,Local Processed Dataset,2026-09-24 17:18:05
2026-09-24,Tomato,,Sangli,APMC Vita,Maharashtra,Other,Local,1500,2000,1600.0,15.0,20.0,16.0,Rs/Quintal,Local Processed Dataset,2026-09-24 17:18:05
2026-09-24,Tomato,,Solapur,APMC Solapur,Maharashtra,Other,Local,200,1700,1300.0,2.0,17.0,13.0,Rs/Quintal,Local Processed Dataset,2026-09-24 17:18:05
2026-09-24,Tomato,,Solapur,APMC Mangal Wedha,Maharashtra,Local,Local,400,1100,900.0,4.0,11.0,9.0,Rs/Quintal,Local Processed Dataset,2026-09-24 17:18:05
2026-09-24,Tomato,,Solapur,APMC Pandharpur,Maharashtra,Other,Local,500,1300,1000.0,5.0,13.0,10.0,Rs/Quintal,Local Processed Dataset,2026-09-24 17:18:05
2026-09-24,Turmeric,,Hingoli,APMC Hingoli,Maharashtra,Other,Local,14800,16000,15400.0,148.0,160.0,154.0,Rs/Quintal,Local Processed Dataset,2026-09-24 17:18:05
2026-09-24,Turmeric,,Washim,APMC Karanja,Maharashtra,Other,Local,14300,16125,15600.0,143.0,161.25,156.0,Rs/Quintal,Local Processed Dataset,2026-09-24 17:18:05
2026-09-24,Water Melon,,Mumbai,Mumbai- Fruit Market,Maharashtra,Other,Local,1000,1200,1100.0,10.0,12.0,11.0,Rs/Quintal,Local Processed Dataset,2026-09-24 17:18:05
2026-09-24,Water Melon,,Pune,APMC Pune,Maharashtra,Other,Local,1000,1500,1200.0,10.0,15.0,12.0,Rs/Quintal,Local Processed Dataset,2026-09-24 17:18:05
2026-09-24,Water Melon,,Pune,Pune(Moshi),Maharashtra,Other,Local,1000,1000,1000.0,10.0,10.0,10.0,Rs/Quintal,Local Processed Dataset,2026-09-24 17:18:05
2026-09-24,Wheat,,Ahilyanagar,APMC Karjat,Maharashtra,Other,Non-FAQ,2500,2500,2500.0,25.0,25.0,25.0,Rs/Quintal,Local Processed Dataset,2026-09-24 17:18:05
2026-09-24,Wheat,,Akola,APMC Akola,Maharashtra,Other,FAQ,2595,2790,2600.0,25.95,27.9,26.0,Rs/Quintal,Local Processed Dataset,2026-09-24 17:18:05
2026-09-24,Wheat,,Buldhana,APMC Mehekar,Maharashtra,Other,Non-FAQ,2200,2580,2500.0,22.0,25.8,25.0,Rs/Quintal,Local Processed Dataset,2026-09-24 17:18:05
2026-09-24,Wheat,,Chattrapati Sambhajinagar,APMC Gangapur,Maharashtra,Other,FAQ,2720,2834,2757.0,27.2,28.34,27.57,Rs/Quintal,Local Processed Dataset,2026-09-24 17:18:05
2026-09-24,Wheat,,Dharashiv,APMC Murum,Maharashtra,Bansi,FAQ,2901,2901,2901.0,29.01,29.01,29.01,Rs/Quintal,Local Processed Dataset,2026-09-24 17:18:05
2026-09-24,Wheat,,Kolhapur,Kolhapur(Laxmipuri),Maharashtra,Other,FAQ,3100,4200,3650.0,31.0,42.0,36.5,Rs/Quintal,Local Processed Dataset,2026-09-24 17:18:05
2026-09-24,Wheat,,Mumbai,APMC Mumbai,Maharashtra,Other,FAQ,2900,5500,4200.0,29.0,55.0,42.0,Rs/Quintal,Local Processed Dataset,2026-09-24 17:18:05
2026-09-24,Wheat,,Nagpur,APMC Nagpur,Maharashtra,Other,FAQ,2600,2746,2709.0,26.0,27.46,27.09,Rs/Quintal,Local Processed Dataset,2026-09-24 17:18:05
2026-09-24,Wheat,,Nagpur,APMC Katol,Maharashtra,Other,FAQ,2630,2630,2630.0,26.3,26.3,26.3,Rs/Quintal,Local Processed Dataset,2026-09-24 17:18:05
2026-09-24,Wheat,,Nandurbar,APMC Nandurbar,Maharashtra,Other,FAQ,2600,2732,2600.0,26.0,27.32,26.0,Rs/Quintal,Local Processed Dataset,2026-09-24 17:18:05
2026-09-24,Wheat,,Nashik,APMC Devala,Maharashtra,Maharashtra 2189,FAQ,2645,2725,2675.0,26.45,27.25,26.75,Rs/Quintal,Local Processed Dataset,2026-09-24 17:18:05
2026-09-24,Wheat,,Palghar,APMC Palghar,Maharashtra,Other,FAQ,3170,3170,3170.0,31.7,31.7,31.7,Rs/Quintal,Local Processed Dataset,2026-09-24 17:18:05
2026-09-24,Wheat,,Solapur,APMC Mangal Wedha,Maharashtra,Other,FAQ,2900,2900,2900.0,29.0,29.0,29.0,Rs/Quintal,Local Processed Dataset,2026-09-24 17:18:05
2026-09-24,Wheat,,Washim,"Krushna Krishi Bazar, Washim",Maharashtra,Other,Local,2000,2800,2600.0,20.0,28.0,26.0,Rs/Quintal,Local Processed Dataset,2026-09-24 17:18:05
